Size,Instance,Seed,Configuration,Role,Ranking,P,C,L,K,Iterations,Reward,BKS,BKS_Gap_Percent_Source,Total_Distance,Runtime_Seconds,Feasible,Source_Record,repair_calls,calls_with_blocked_customers,blocked_customers,attempted_blocked_customers,successful_commits,success_c0,success_c1,success_c2,success_c3,bounded_two_opt_trial_calls,successful_commits_using_bounded_two_opt,new_best_candidates_with_successful_repair,successful_commits_in_new_best_candidates,success_rate_per_attempted_customer,success_rate_per_repair_call,bounded_two_opt_share_of_successes,mean_net_reward_gain_per_success,net_reward_gain_sum,module_seconds,total_solve_seconds,module_runtime_share
large,rd400_gen1_m3,0,density_p1_c2_l1,P_sensitivity,removal_density,1,2,1,100,2500,213.0,224.0,4.910714285714286,7622.230022623102,164.08570950000012,True,focused_mechanism_csv:1,3833,3833,285695,263430,1083,1083,0,0,0,263178,831,8,10,0.004111149071859697,0.2825463083746413,0.7673130193905817,1.0,1083.0,43.30485299998509,164.08447130000013,0.2639180457290784
large,rd400_gen1_m3,1,density_p1_c2_l1,P_sensitivity,removal_density,1,2,1,100,2500,203.0,224.0,9.375,7587.852483652832,162.98362369999995,True,focused_mechanism_csv:2,3906,3906,296759,275283,1035,1035,0,0,0,275050,802,9,15,0.0037597672213685552,0.26497695852534564,0.77487922705314,1.0,1035.0,42.50095889998738,162.98256219999985,0.26076997640909233
large,rd400_gen1_m3,0,density_p3_c1_l1,C_sensitivity,removal_density,3,1,1,100,2500,205.0,224.0,8.482142857142858,7625.176155275347,172.53192660000013,True,focused_mechanism_csv:3,3906,3906,282148,262829,1134,1134,0,0,0,788151,857,6,7,0.004314592377553467,0.2903225806451613,0.7557319223985891,1.0,1134.0,58.24301230001993,172.53037240000003,0.3375812124545088
large,rd400_gen1_m3,1,density_p3_c1_l1,C_sensitivity,removal_density,3,1,1,100,2500,207.0,224.0,7.589285714285714,7578.413312910518,171.3024231999998,True,focused_mechanism_csv:4,3834,3834,289364,266963,1090,1090,0,0,0,800585,836,6,10,0.0040829628075800765,0.2842983828899322,0.7669724770642202,1.0,1090.0,59.00333049999426,171.30150830000002,0.3444413950907066
large,rd400_gen1_m3,0,density_p3_c2_l0,bounded_two_opt_ablation,removal_density,3,2,0,100,2500,216.0,224.0,3.5714285714285716,7580.011218876029,187.9071183000001,True,focused_mechanism_csv:5,4044,4044,307778,284870,0,0,0,0,0,854610,0,0,0,0.0,0.0,0.0,0.0,0.0,58.5933794000066,187.9049586000001,0.31182455128678316
large,rd400_gen1_m3,1,density_p3_c2_l0,bounded_two_opt_ablation,removal_density,3,2,0,100,2500,212.0,224.0,5.357142857142857,7616.253169264643,184.44516629999998,True,focused_mechanism_csv:6,4090,4090,310105,285765,0,0,0,0,0,857295,0,0,0,0.0,0.0,0.0,0.0,0.0,56.98205300001064,184.44222630000013,0.3089425569355676
large,rd400_gen1_m3,0,density_p3_c2_l1,reference_and_mechanism_logging,removal_density,3,2,1,100,2500,205.0,224.0,8.482142857142858,7625.176155275347,180.2592141,True,focused_mechanism_csv:7,3906,3906,282148,262829,1134,1134,0,0,0,788151,857,6,7,0.004314592377553467,0.2903225806451613,0.7557319223985891,1.0,1134.0,62.37183489999552,180.25821229999974,0.34601383262467655
large,rd400_gen1_m3,1,density_p3_c2_l1,reference_and_mechanism_logging,removal_density,3,2,1,100,2500,207.0,224.0,7.589285714285714,7578.413312910518,181.73464909999984,True,focused_mechanism_csv:8,3834,3834,289364,266963,1090,1090,0,0,0,800585,836,6,10,0.0040829628075800765,0.2842983828899322,0.7669724770642202,1.0,1090.0,63.717808699999296,181.73318459999973,0.35061185352715923
large,rd400_gen1_m3,0,density_p3_c3_l1,C_sensitivity,removal_density,3,3,1,100,2500,205.0,224.0,8.482142857142858,7625.176155275347,173.78096359999972,True,focused_mechanism_csv:9,3906,3906,282148,262829,1134,1134,0,0,0,788151,857,6,7,0.004314592377553467,0.2903225806451613,0.7557319223985891,1.0,1134.0,59.815998699988086,173.77955799999972,0.3442061850565196
large,rd400_gen1_m3,1,density_p3_c3_l1,C_sensitivity,removal_density,3,3,1,100,2500,207.0,224.0,7.589285714285714,7578.413312910518,173.77729689999978,True,focused_mechanism_csv:10,3834,3834,289364,266963,1090,1090,0,0,0,800585,836,6,10,0.0040829628075800765,0.2842983828899322,0.7669724770642202,1.0,1090.0,59.97014460001765,173.7763772000003,0.3450995213866016
large,rd400_gen1_m3,0,density_p5_c2_l1,P_sensitivity,removal_density,5,2,1,100,2500,202.0,224.0,9.821428571428571,7582.969034656242,184.439351,True,focused_mechanism_csv:11,3592,3592,275097,252807,1071,1071,0,0,0,1263697,809,3,4,0.004236433326608836,0.29816258351893093,0.7553688141923436,1.0,1071.0,75.26046749999387,184.43843659999993,0.40805197055109876
large,rd400_gen1_m3,1,density_p5_c2_l1,P_sensitivity,removal_density,5,2,1,100,2500,205.0,224.0,8.482142857142858,7580.939900865554,198.68503710000005,True,focused_mechanism_csv:12,3888,3888,299086,272951,1075,1075,0,0,0,1364475,831,4,7,0.003938435836468817,0.27649176954732513,0.7730232558139535,1.0,1075.0,80.885357999995,198.68409340000017,0.407105353105207
large,rd400_gen1_m3,0,random_p3_c2_l1,removal_ranking_ablation,random,3,2,1,100,2500,210.0,224.0,6.25,7592.735304173468,179.58607110000003,True,focused_mechanism_csv:13,3803,3803,281801,260160,865,865,0,0,0,780290,701,10,12,0.0033248769987699878,0.22745201156981332,0.8104046242774566,1.0,865.0,62.271982600005686,179.58514689999993,0.3467546379806186
large,rd400_gen1_m3,1,random_p3_c2_l1,removal_ranking_ablation,random,3,2,1,100,2500,207.0,224.0,7.589285714285714,7620.390314257077,180.61867230000007,True,focused_mechanism_csv:14,3711,3711,282880,259713,1193,1193,0,0,0,778815,912,8,11,0.004593532091192971,0.3214766909188898,0.7644593461860855,1.0,1193.0,63.062941299996965,180.61772870000004,0.34915144683688487
large,rd400_gen2_m3,0,density_p1_c2_l1,P_sensitivity,removal_density,1,2,1,100,2500,11364.0,12646.0,10.137592914755654,7634.201125897263,183.91269969999985,True,focused_mechanism_csv:15,3450,3450,253915,230215,9019,3852,3052,2115,0,463634,1555,33,119,0.03917642204026671,2.6142028985507246,0.1724137931034483,43.9501053331855,396386.0,46.19924809998247,183.9108682999995,0.25120455646276013
large,rd400_gen2_m3,1,density_p1_c2_l1,P_sensitivity,removal_density,1,2,1,100,2500,12082.0,12646.0,4.459908271390163,7632.86031300902,187.54333029999998,True,focused_mechanism_csv:16,3303,3303,266515,236324,8911,3794,3407,1710,0,505994,1346,53,252,0.03770670774022105,2.697850438994853,0.15104926495342835,46.6545842217484,415739.0,49.65234360001341,187.54207979999956,0.2647530818308304
large,rd400_gen2_m3,0,density_p3_c1_l1,C_sensitivity,removal_density,3,1,1,100,2500,12066.0,12646.0,4.586430491855132,7632.092821446895,218.8523355999996,True,focused_mechanism_csv:17,3439,3439,280352,248405,7640,3439,4201,0,0,1267478,1599,35,174,0.030756224713673234,2.2215760395463797,0.20929319371727748,48.14528795811518,367830.0,78.58007380000981,218.85138910000023,0.35905677420262594
large,rd400_gen2_m3,1,density_p3_c1_l1,C_sensitivity,removal_density,3,1,1,100,2500,11582.0,12646.0,8.413727660920449,7638.832525225758,190.22583730000042,True,focused_mechanism_csv:18,3502,3502,252823,228322,6903,3166,3737,0,0,1227500,1316,55,193,0.03023361743502597,1.9711593375214163,0.19064174996378386,47.582500362161376,328462.0,67.94593650003026,190.2238465999999,0.35718937301749576
large,rd400_gen2_m3,0,density_p3_c2_l0,bounded_two_opt_ablation,removal_density,3,2,0,100,2500,11830.0,12646.0,6.452633243713427,7631.65608541325,201.65705670000034,True,focused_mechanism_csv:19,3834,3834,276881,251571,9157,3334,3500,2323,0,1515058,0,72,286,0.036399267006133454,2.3883672404799166,0.0,41.4032980233701,379130.0,70.04080879999901,201.65397239999993,0.34733165911091685
large,rd400_gen2_m3,1,density_p3_c2_l0,bounded_two_opt_ablation,removal_density,3,2,0,100,2500,11796.0,12646.0,6.721492962201487,7632.31892835146,193.1543142000005,True,focused_mechanism_csv:20,3898,3898,274872,249720,9116,3558,3500,2058,0,1473136,0,73,305,0.03650488547172834,2.3386351975371986,0.0,44.126480912681004,402257.0,68.12034550001681,193.1507247000004,0.35267973032884337
large,rd400_gen2_m3,0,density_p3_c2_l1,reference_and_mechanism_logging,removal_density,3,2,1,100,2500,11653.0,12646.0,7.852285307607149,7632.158245486208,204.62066789999972,True,focused_mechanism_csv:21,3117,3117,245670,220353,8948,3578,3270,2100,0,1272827,1531,48,243,0.040607570579933104,2.870709015078601,0.17109968708091194,45.832476531068394,410109.0,73.06144629999108,204.61923780000006,0.3570604948269974
large,rd400_gen2_m3,1,density_p3_c2_l1,reference_and_mechanism_logging,removal_density,3,2,1,100,2500,11794.0,12646.0,6.737308239759607,7634.101055483048,195.9981889999999,True,focused_mechanism_csv:22,3157,3157,248119,220663,9043,3768,3243,2032,0,1367495,1332,60,252,0.04098104349165923,2.864428254672157,0.14729625124405618,44.38825610969811,401403.0,76.95576639997898,195.99729519999983,0.3926368796133216
large,rd400_gen2_m3,0,density_p3_c3_l1,C_sensitivity,removal_density,3,3,1,100,2500,11482.0,12646.0,9.204491538826506,7638.0443495839245,215.6667580000003,True,focused_mechanism_csv:23,3000,3000,253902,224739,8776,3667,3050,1241,818,1457413,1654,55,205,0.03904974214533303,2.925333333333333,0.18846855059252507,47.76959890610757,419226.0,79.06811370000378,215.66550470000038,0.3666238317063769
large,rd400_gen2_m3,1,density_p3_c3_l1,C_sensitivity,removal_density,3,3,1,100,2500,11881.0,12646.0,6.049343665981338,7631.3288987910455,213.9478721000005,True,focused_mechanism_csv:24,3513,3513,266855,241461,9808,4121,3254,1518,915,1463762,1769,79,291,0.04061939609295083,2.7919157415314544,0.18036296900489396,44.082279771615006,432359.0,82.62826520001545,213.94637690000036,0.38621016348707005
large,rd400_gen2_m3,0,density_p5_c2_l1,P_sensitivity,removal_density,5,2,1,100,2500,11661.0,12646.0,7.789024197374664,7633.691813853982,219.11651210000036,True,focused_mechanism_csv:25,3132,3132,249969,222741,9086,3429,3709,1948,0,2144716,1485,72,246,0.04079177160917837,2.901021711366539,0.16343825665859565,44.61633281972265,405384.0,102.03946920001499,219.11523020000004,0.46568862012411116
large,rd400_gen2_m3,1,density_p5_c2_l1,P_sensitivity,removal_density,5,2,1,100,2500,11650.0,12646.0,7.87600822394433,7638.202903272924,232.03791190000038,True,focused_mechanism_csv:26,3274,3274,261425,235741,8063,3305,2775,1983,0,2291245,1179,52,146,0.03420279035042695,2.4627367135003055,0.14622349001612303,45.07404191988094,363432.0,109.01265849997435,232.0367683000004,0.46980769168027653
large,rd400_gen2_m3,0,random_p3_c2_l1,removal_ranking_ablation,random,3,2,1,100,2500,11244.0,12646.0,11.086509568242922,7637.252467868699,212.2040748000004,True,focused_mechanism_csv:27,3787,3787,277135,255659,2074,1319,617,138,0,1227529,817,22,35,0.008112368428257953,0.5476630578294164,0.3939247830279653,41.376567020250725,85815.0,75.7240870000046,212.20267680000052,0.3568479349173055
large,rd400_gen2_m3,1,random_p3_c2_l1,removal_ranking_ablation,random,3,2,1,100,2500,11109.0,12646.0,12.1540408034161,7633.6319035293145,239.0871543999997,True,focused_mechanism_csv:28,3803,3803,278387,255634,2339,1410,761,168,0,1237030,929,25,47,0.009149800104837385,0.6150407572968709,0.39717828131680205,39.2680632749038,91848.0,77.87373990002698,239.08641460000035,0.32571378022591696
large,rd400_gen3_m3,0,density_p1_c2_l1,P_sensitivity,removal_density,1,2,1,100,2500,10619.0,11639.0,8.763639487928517,7635.092052418567,189.38259060000019,True,focused_mechanism_csv:29,3567,3567,283550,253366,9060,4154,3814,1092,0,445894,1303,31,157,0.0357585469242124,2.5399495374264087,0.14381898454746136,42.42704194260486,384389.0,48.860712499976216,189.38156209999943,0.2580014229377632
large,rd400_gen3_m3,1,density_p1_c2_l1,P_sensitivity,removal_density,1,2,1,100,2500,10695.0,11639.0,8.110662428043646,7636.076581309501,168.38688869999987,True,focused_mechanism_csv:30,3542,3542,271942,242059,8395,4273,3387,735,0,383196,852,37,152,0.03468162720659013,2.3701298701298703,0.10148898153662894,43.04490768314473,361362.0,44.61362199998803,168.38544319999983,0.264949399141339
large,rd400_gen3_m3,0,density_p3_c1_l1,C_sensitivity,removal_density,3,1,1,100,2500,10730.0,11639.0,7.809949308359824,7638.0385718456255,177.39329850000013,True,focused_mechanism_csv:31,3353,3353,254201,228596,7939,3666,4273,0,0,1189657,1031,58,202,0.03472939159040403,2.3677303906949,0.12986522232019146,42.71104673132636,339083.0,66.9563847000536,177.39233580000018,0.3774480131742734
large,rd400_gen3_m3,1,density_p3_c1_l1,C_sensitivity,removal_density,3,1,1,100,2500,10677.0,11639.0,8.265314889595325,7626.919704708263,164.3798558999997,True,focused_mechanism_csv:32,3226,3226,250249,220251,7717,3662,4055,0,0,1101155,1245,45,146,0.035037298355058547,2.3921264724116553,0.1613321238823377,43.53919917066217,335992.0,60.59119909998117,164.3788924999999,0.36860693108746434
large,rd400_gen3_m3,0,density_p3_c2_l0,bounded_two_opt_ablation,removal_density,3,2,0,100,2500,10602.0,11639.0,8.909700146060658,7635.115771579445,216.78360559999965,True,focused_mechanism_csv:33,3883,3883,301796,268848,9566,4354,3970,1242,0,1588353,0,27,122,0.03558144378979944,2.4635591037857325,0.0,40.84350825841522,390709.0,72.38518189999195,216.78087830000004,0.33390944103390474
large,rd400_gen3_m3,1,density_p3_c2_l0,bounded_two_opt_ablation,removal_density,3,2,0,100,2500,10694.0,11639.0,8.119254231463184,7636.440325225305,187.94781179999973,True,focused_mechanism_csv:34,3436,3436,270334,239986,9087,4195,3798,1094,0,1198317,0,45,212,0.03786470877467852,2.6446449359720607,0.0,41.47507428194123,376884.0,60.06953960001374,187.94356549999975,0.31961477074358163
large,rd400_gen3_m3,0,density_p3_c2_l1,reference_and_mechanism_logging,removal_density,3,2,1,100,2500,10673.0,11639.0,8.299682103273478,7637.712284376214,181.99728419999974,True,focused_mechanism_csv:35,3069,3069,241848,210885,9149,4133,4055,961,0,1180642,1225,40,147,0.04338383479147403,2.981101335940046,0.13389441469013008,41.70816482675702,381588.0,67.45725720005521,181.9962145999998,0.3706519794838375
large,rd400_gen3_m3,1,density_p3_c2_l1,reference_and_mechanism_logging,removal_density,3,2,1,100,2500,10730.0,11639.0,7.809949308359824,7638.044566157484,187.88043409999955,True,focused_mechanism_csv:36,3400,3400,266752,237701,8225,3910,3428,887,0,1164500,944,44,182,0.03460229447919866,2.4191176470588234,0.11477203647416413,42.86577507598784,352571.0,70.51430389999132,187.87935449999986,0.37531693723160714
large,rd400_gen3_m3,0,density_p3_c3_l1,C_sensitivity,removal_density,3,3,1,100,2500,10707.0,11639.0,8.007560787009194,7639.253172531851,159.76310740000008,True,focused_mechanism_csv:37,3193,3193,254182,223180,10106,4839,3906,1040,321,1144470,1377,39,162,0.04528183528990053,3.1650485436893203,0.1362556896892935,41.89481496140906,423389.0,58.231600200036155,159.76192179999998,0.36448985805850614
large,rd400_gen3_m3,1,density_p3_c3_l1,C_sensitivity,removal_density,3,3,1,100,2500,10651.0,11639.0,8.488701778503307,7637.862825233833,181.07874739999988,True,focused_mechanism_csv:38,3476,3476,279970,245193,8882,4025,3684,859,314,1486268,1287,30,131,0.036224525169968144,2.555235903337169,0.14489979734294078,41.70479621706823,370422.0,70.59823360001246,181.07777749999968,0.3898779550682998
large,rd400_gen3_m3,0,density_p5_c2_l1,P_sensitivity,removal_density,5,2,1,100,2500,10749.0,11639.0,7.646705043388607,7640.321819845207,210.77962380000008,True,focused_mechanism_csv:39,3052,3052,244636,216388,8441,4006,3453,982,0,1920570,1033,56,191,0.039008632641366434,2.7657273918741807,0.12237886506338111,42.151403862101645,355800.0,95.71086980001837,210.7781401000002,0.4540834725774216
large,rd400_gen3_m3,1,density_p5_c2_l1,P_sensitivity,removal_density,5,2,1,100,2500,10695.0,11639.0,8.110662428043646,7636.063039184831,214.88737109999965,True,focused_mechanism_csv:40,3374,3374,249513,225285,8432,3767,3678,987,0,2069642,1263,49,178,0.03742814656990035,2.4991108476585655,0.1497865275142315,41.677300759013285,351423.0,101.43421459998353,214.88645799999995,0.47203632813373264
large,rd400_gen3_m3,0,random_p3_c2_l1,removal_ranking_ablation,random,3,2,1,100,2500,10483.0,11639.0,9.932124752985652,7615.1472912637255,210.77710299999944,True,focused_mechanism_csv:41,3614,3614,279492,250726,1841,1003,751,87,0,1239971,609,20,42,0.007342676866380032,0.5094078583287216,0.33079847908745247,38.29223248234655,70496.0,75.65986770001382,210.7761772999993,0.3589583446725413
large,rd400_gen3_m3,1,random_p3_c2_l1,removal_ranking_ablation,random,3,2,1,100,2500,10491.0,11639.0,9.86339032562935,7623.504277121506,223.7678975000008,True,focused_mechanism_csv:42,3591,3591,283345,250305,2152,1109,915,128,0,1260506,734,17,32,0.008597511036535426,0.5992759676970203,0.34107806691449816,37.82342007434944,81396.0,77.62143170001764,223.76646540000002,0.3468858998208837
medium,pr299_gen1_m3,0,density_p1_c2_l1,P_sensitivity,removal_density,1,2,1,100,2500,107.0,111.0,3.6036036036036037,23728.630447877902,36.61956999999984,True,focused_mechanism_csv:43,3198,3198,123790,122707,435,435,0,0,0,122611,339,6,10,0.0035450300308865835,0.13602251407129456,0.7793103448275862,1.0,435.0,8.018144300007407,36.61897550000003,0.21896145893014946
medium,pr299_gen1_m3,1,density_p1_c2_l1,P_sensitivity,removal_density,1,2,1,100,2500,108.0,111.0,2.7027027027027026,23939.62522329187,38.38916229999995,True,focused_mechanism_csv:44,3238,3238,132931,131780,498,498,0,0,0,131676,394,5,7,0.0037790256488086206,0.15379864113650402,0.7911646586345381,1.0,498.0,8.598831799992695,38.38821519999965,0.2239966550982754
medium,pr299_gen1_m3,0,density_p3_c1_l1,C_sensitivity,removal_density,3,1,1,100,2500,108.0,111.0,2.7027027027027026,23883.186964573597,48.38866529999996,True,focused_mechanism_csv:45,3347,3347,136070,134697,661,661,0,0,0,403959,556,5,8,0.004907310482044886,0.19749028981177175,0.8411497730711044,1.0,661.0,15.564609100012603,48.387964999999895,0.3216628163637929
medium,pr299_gen1_m3,1,density_p3_c1_l1,C_sensitivity,removal_density,3,1,1,100,2500,109.0,111.0,1.8018018018018018,23931.84501307009,49.276868899999954,True,focused_mechanism_csv:46,3436,3436,133034,131834,546,546,0,0,0,395353,446,9,10,0.004141571976880015,0.1589057043073341,0.8168498168498168,1.0,546.0,15.42696470000783,49.276272900000095,0.31307085118460326
medium,pr299_gen1_m3,0,density_p3_c2_l0,bounded_two_opt_ablation,removal_density,3,2,0,100,2500,108.0,111.0,2.7027027027027026,23928.07119991882,44.08381529999997,True,focused_mechanism_csv:47,3464,3464,136295,135160,0,0,0,0,0,405480,0,0,0,0.0,0.0,0.0,0.0,0.0,12.666586099982851,44.08205270000008,0.2873411133139639
medium,pr299_gen1_m3,1,density_p3_c2_l0,bounded_two_opt_ablation,removal_density,3,2,0,100,2500,110.0,111.0,0.9009009009009009,24026.84088854723,42.93497690000004,True,focused_mechanism_csv:48,3445,3445,134458,133102,0,0,0,0,0,399306,0,0,0,0.0,0.0,0.0,0.0,0.0,12.197650099978546,42.93353560000014,0.2841054185152761
medium,pr299_gen1_m3,0,density_p3_c2_l1,reference_and_mechanism_logging,removal_density,3,2,1,100,2500,108.0,111.0,2.7027027027027026,23883.186964573597,46.14202269999987,True,focused_mechanism_csv:49,3347,3347,136070,134697,661,661,0,0,0,403959,556,5,8,0.004907310482044886,0.19749028981177175,0.8411497730711044,1.0,661.0,15.127214100008132,46.14134060000015,0.3278451363419658
medium,pr299_gen1_m3,1,density_p3_c2_l1,reference_and_mechanism_logging,removal_density,3,2,1,100,2500,109.0,111.0,1.8018018018018018,23931.84501307009,46.127318899999864,True,focused_mechanism_csv:50,3436,3436,133034,131834,546,546,0,0,0,395353,446,9,10,0.004141571976880015,0.1589057043073341,0.8168498168498168,1.0,546.0,14.755994300011025,46.12638199999992,0.3199035705859404
medium,pr299_gen1_m3,0,density_p3_c3_l1,C_sensitivity,removal_density,3,3,1,100,2500,108.0,111.0,2.7027027027027026,23883.186964573597,49.30879550000009,True,focused_mechanism_csv:51,3347,3347,136070,134697,661,661,0,0,0,403959,556,5,8,0.004907310482044886,0.19749028981177175,0.8411497730711044,1.0,661.0,16.244633700001486,49.307859200000166,0.32945323450589864
medium,pr299_gen1_m3,1,density_p3_c3_l1,C_sensitivity,removal_density,3,3,1,100,2500,109.0,111.0,1.8018018018018018,23931.84501307009,49.785809900000004,True,focused_mechanism_csv:52,3436,3436,133034,131834,546,546,0,0,0,395353,446,9,10,0.004141571976880015,0.1589057043073341,0.8168498168498168,1.0,546.0,16.021117499994034,49.78520770000023,0.32180477374997396
medium,pr299_gen1_m3,0,density_p5_c2_l1,P_sensitivity,removal_density,5,2,1,100,2500,107.0,111.0,3.6036036036036037,24005.166543844025,51.90355240000008,True,focused_mechanism_csv:53,3316,3316,132011,131116,534,534,0,0,0,655427,425,5,8,0.004072729491442692,0.16103739445114595,0.795880149812734,1.0,534.0,20.568656699992516,51.90253189999976,0.3962938983327827
medium,pr299_gen1_m3,1,density_p5_c2_l1,P_sensitivity,removal_density,5,2,1,100,2500,107.0,111.0,3.6036036036036037,23986.254844555086,52.0580987999997,True,focused_mechanism_csv:54,3398,3398,127733,126737,611,611,0,0,0,633536,497,7,7,0.004821007282798236,0.1798116539140671,0.8134206219312602,1.0,611.0,19.967792700014797,52.05729340000016,0.3835733937718463
medium,pr299_gen1_m3,0,random_p3_c2_l1,removal_ranking_ablation,random,3,2,1,100,2500,109.0,111.0,1.8018018018018018,23984.127119740624,44.287077099999806,True,focused_mechanism_csv:55,3197,3197,133517,132131,568,568,0,0,0,396245,451,8,9,0.004298764105319721,0.17766656240225212,0.7940140845070423,1.0,568.0,14.397922800003016,44.285990200000015,0.3251123602516403
medium,pr299_gen1_m3,1,random_p3_c2_l1,removal_ranking_ablation,random,3,2,1,100,2500,110.0,111.0,0.9009009009009009,23998.23842320245,44.235367300000235,True,focused_mechanism_csv:56,3212,3212,132535,130629,504,504,0,0,0,391760,417,7,7,0.003858255058218313,0.1569115815691158,0.8273809523809523,1.0,504.0,14.397952199994052,44.234492800000226,0.325491517786635
medium,pr299_gen2_m3,0,density_p1_c2_l1,P_sensitivity,removal_density,1,2,1,100,2500,5933.0,6018.0,1.4124293785310735,24030.724679012405,45.649412799999936,True,focused_mechanism_csv:57,2941,2941,112682,110943,5139,1957,2080,1102,0,230032,656,23,95,0.04632108379978908,1.7473648418905134,0.1276512940260751,45.34520334695466,233029.0,10.590873399988595,45.648587099999986,0.23200878872302705
medium,pr299_gen2_m3,1,density_p1_c2_l1,P_sensitivity,removal_density,1,2,1,100,2500,5875.0,6018.0,2.376204719175806,24028.834917557666,47.10582169999998,True,focused_mechanism_csv:58,3024,3024,116890,115032,5152,2056,2134,962,0,222983,756,30,89,0.04478753738090271,1.7037037037037037,0.14673913043478262,45.19429347826087,232841.0,10.589130499996372,47.10524720000012,0.22479725995358635
medium,pr299_gen2_m3,0,density_p3_c1_l1,C_sensitivity,removal_density,3,1,1,100,2500,5872.0,6018.0,2.4260551678298437,24029.303110774126,58.06771660000004,True,focused_mechanism_csv:59,2995,2995,120196,118446,4234,1831,2403,0,0,587254,918,15,50,0.03574624723502693,1.4136894824707846,0.2168162494095418,43.94166273027869,186049.0,19.750335200011705,58.067116299999725,0.3401294305364325
medium,pr299_gen2_m3,1,density_p3_c1_l1,C_sensitivity,removal_density,3,1,1,100,2500,5839.0,6018.0,2.9744101030242605,24051.399116519093,53.6910484,True,focused_mechanism_csv:60,2901,2901,115096,113404,4674,1949,2725,0,0,530360,825,15,79,0.0412154774082043,1.6111685625646328,0.17650834403080873,45.97860504920839,214904.0,18.423962500001835,53.69023960000004,0.34315292010732285
medium,pr299_gen2_m3,0,density_p3_c2_l0,bounded_two_opt_ablation,removal_density,3,2,0,100,2500,5872.0,6018.0,2.4260551678298437,24029.303110774126,53.95229170000039,True,focused_mechanism_csv:61,3093,3093,119536,118010,5398,1955,2423,1020,0,710986,0,21,90,0.04574188628082366,1.7452311671516327,0.0,45.32382363838459,244658.0,17.3353644000008,53.950230600000395,0.3213214143333184
medium,pr299_gen2_m3,1,density_p3_c2_l0,bounded_two_opt_ablation,removal_density,3,2,0,100,2500,5933.0,6018.0,1.4124293785310735,24030.724679012405,54.44049929999983,True,focused_mechanism_csv:62,3020,3020,116655,114656,5282,1968,2211,1103,0,707420,0,20,115,0.04606823890594474,1.7490066225165564,0.0,45.46667928814843,240155.0,17.22680250000485,54.439093200000116,0.31644176064278773
medium,pr299_gen2_m3,0,density_p3_c2_l1,reference_and_mechanism_logging,removal_density,3,2,1,100,2500,5872.0,6018.0,2.4260551678298437,24029.303110774126,57.637847599999986,True,focused_mechanism_csv:63,2960,2960,118240,116382,5829,2237,2534,1058,0,688597,938,28,101,0.05008506470072692,1.9692567567567567,0.16091954022988506,45.778006519128496,266840.0,21.286148799995317,57.63686899999993,0.3693148009132027
medium,pr299_gen2_m3,1,density_p3_c2_l1,reference_and_mechanism_logging,removal_density,3,2,1,100,2500,5933.0,6018.0,1.4124293785310735,24051.22094124165,59.29784560000007,True,focused_mechanism_csv:64,2940,2940,120736,118264,5631,2447,2037,1147,0,735722,811,21,69,0.0476138131637692,1.9153061224489796,0.14402415201562777,45.505594033031436,256242.0,22.344680199982122,59.296952500000316,0.37682678886376164
medium,pr299_gen2_m3,0,density_p3_c3_l1,C_sensitivity,removal_density,3,3,1,100,2500,5872.0,6018.0,2.4260551678298437,24029.303110774126,59.61851220000017,True,focused_mechanism_csv:65,2905,2905,113191,111531,5491,2080,2220,993,198,699100,825,39,131,0.04923294868691216,1.8901893287435456,0.15024585685667455,43.46002549626662,238639.0,22.702828100012994,59.61765789999981,0.38080711151205865
medium,pr299_gen2_m3,1,density_p3_c3_l1,C_sensitivity,removal_density,3,3,1,100,2500,5933.0,6018.0,1.4124293785310735,24030.724679012405,60.82319990000042,True,focused_mechanism_csv:66,2892,2892,110672,109248,5364,2112,1970,1023,259,739896,779,39,161,0.049099297012302284,1.8547717842323652,0.145227442207308,45.65697240865026,244904.0,23.759760700020706,60.82222189999993,0.3906427611126244
medium,pr299_gen2_m3,0,density_p5_c2_l1,P_sensitivity,removal_density,5,2,1,100,2500,5872.0,6018.0,2.4260551678298437,24029.303110774126,66.97655689999965,True,focused_mechanism_csv:67,2945,2945,115990,114553,5769,2183,2469,1117,0,1152766,934,28,112,0.05036096828542247,1.9589134125636671,0.16189980932570636,45.55312879181834,262796.0,31.09829169998693,66.97560509999994,0.4643226687322151
medium,pr299_gen2_m3,1,density_p5_c2_l1,P_sensitivity,removal_density,5,2,1,100,2500,5933.0,6018.0,1.4124293785310735,24030.724679012405,69.56016499999987,True,focused_mechanism_csv:68,2891,2891,110944,109399,5191,2009,2067,1115,0,1181673,806,25,77,0.04745015950785656,1.7955724662746455,0.15526873434790983,44.94644577152764,233317.0,31.94443959998489,69.55960110000024,0.4592383954885098
medium,pr299_gen2_m3,0,random_p3_c2_l1,removal_ranking_ablation,random,3,2,1,100,2500,5867.0,6018.0,2.509139248919907,24029.095858759785,50.18616299999985,True,focused_mechanism_csv:69,2975,2975,113125,111283,1405,861,450,94,0,532923,558,22,34,0.012625468400384605,0.4722689075630252,0.39715302491103205,37.1067615658363,52135.0,17.25150580000036,50.18558170000006,0.34375422612667134
medium,pr299_gen2_m3,1,random_p3_c2_l1,removal_ranking_ablation,random,3,2,1,100,2500,5839.0,6018.0,2.9744101030242605,24040.218167070372,56.27530900000011,True,focused_mechanism_csv:70,3152,3152,118704,116444,1589,948,500,141,0,579208,681,14,24,0.013646044450551339,0.5041243654822335,0.42857142857142855,36.30144745122719,57683.0,18.398847600000863,56.27442380000002,0.3269486626000932
medium,pr299_gen3_m3,0,density_p1_c2_l1,P_sensitivity,removal_density,1,2,1,100,2500,3461.0,3655.0,5.307797537619699,24070.97083011054,44.37454269999989,True,focused_mechanism_csv:71,2681,2681,110786,107974,4340,1457,2691,192,0,217253,194,46,147,0.040194861725971066,1.6187989556135771,0.04470046082949309,21.39516129032258,92855.0,9.816539499975079,44.37362219999977,0.22122466035633054
medium,pr299_gen3_m3,1,density_p1_c2_l1,P_sensitivity,removal_density,1,2,1,100,2500,3522.0,3655.0,3.6388508891928866,24022.97989997384,48.02632339999991,True,focused_mechanism_csv:72,2645,2645,107916,105491,4239,1417,2728,94,0,213347,294,20,46,0.040183522764975214,1.6026465028355388,0.06935598018400566,21.46072186836518,90972.0,9.468105099997501,48.025434900000164,0.19714772223744026
medium,pr299_gen3_m3,0,density_p3_c1_l1,C_sensitivity,removal_density,3,1,1,100,2500,3527.0,3655.0,3.5020519835841313,24073.471626176928,58.22009679999974,True,focused_mechanism_csv:73,2626,2626,108101,105688,4735,1766,2969,0,0,511547,176,31,113,0.044801680417833625,1.8031226199543031,0.03717001055966209,21.2337909186906,100542.0,16.83702139999741,58.219180399999914,0.2892005913569583
medium,pr299_gen3_m3,1,density_p3_c1_l1,C_sensitivity,removal_density,3,1,1,100,2500,3362.0,3655.0,8.01641586867305,23964.08474036167,69.72665740000002,True,focused_mechanism_csv:74,2847,2847,109303,106539,4011,1447,2564,0,0,550658,446,37,72,0.03764818517162729,1.4088514225500526,0.11119421590625779,20.1251558214909,80722.0,18.36897290000843,69.72572459999992,0.2634461385003441
medium,pr299_gen3_m3,0,density_p3_c2_l0,bounded_two_opt_ablation,removal_density,3,2,0,100,2500,3515.0,3655.0,3.830369357045144,24026.314238665345,55.345539500000086,True,focused_mechanism_csv:75,2840,2840,103427,101431,4089,1351,2653,85,0,596857,0,26,72,0.04031311926334158,1.439788732394366,0.0,20.252629004646614,82813.0,14.49976469997091,55.34410399999979,0.2619929432766852
medium,pr299_gen3_m3,1,density_p3_c2_l0,bounded_two_opt_ablation,removal_density,3,2,0,100,2500,3317.0,3655.0,9.247606019151847,24072.506542087423,53.69098179999992,True,focused_mechanism_csv:76,2684,2684,110104,107844,3987,1451,2387,149,0,636935,0,26,71,0.03697006787582063,1.4854694485842026,0.0,22.721595184349134,90591.0,15.132289300003322,53.689033799999834,0.28185065420200145
medium,pr299_gen3_m3,0,density_p3_c2_l1,reference_and_mechanism_logging,removal_density,3,2,1,100,2500,3398.0,3655.0,7.0314637482900135,24062.53325068936,64.60899440000003,True,focused_mechanism_csv:77,2620,2620,104765,102705,3952,1258,2568,126,0,610633,236,28,89,0.038479139282410785,1.5083969465648854,0.0597165991902834,20.32818825910931,80337.0,19.420799400001215,64.60834509999995,0.3005927387544435
medium,pr299_gen3_m3,1,density_p3_c2_l1,reference_and_mechanism_logging,removal_density,3,2,1,100,2500,3354.0,3655.0,8.235294117647058,24037.40961634927,69.31845000000021,True,focused_mechanism_csv:78,2673,2673,104233,101306,4320,1474,2745,101,0,657225,493,30,72,0.04264308135747142,1.6161616161616161,0.11412037037037037,19.252546296296295,83171.0,20.74535409999862,69.31774770000038,0.29927911376725974
medium,pr299_gen3_m3,0,density_p3_c3_l1,C_sensitivity,removal_density,3,3,1,100,2500,3394.0,3655.0,7.140902872777017,24060.096570859954,64.35692919999974,True,focused_mechanism_csv:79,2643,2643,111982,109745,4650,1723,2744,165,18,683163,460,34,108,0.042370950840584995,1.7593643586833143,0.0989247311827957,21.765591397849462,101210.0,20.88045500000362,64.35597310000003,0.3244524788329805
medium,pr299_gen3_m3,1,density_p3_c3_l1,C_sensitivity,removal_density,3,3,1,100,2500,3354.0,3655.0,8.235294117647058,24037.40961634927,69.86520060000021,True,focused_mechanism_csv:80,2673,2673,104243,101316,4322,1479,2736,101,6,667962,493,30,72,0.04265861265742824,1.6169098391320613,0.11406756131420638,19.255668671911153,83223.0,21.325977599991347,69.86459560000003,0.30524727749216857
medium,pr299_gen3_m3,0,density_p5_c2_l1,P_sensitivity,removal_density,5,2,1,100,2500,3489.0,3655.0,4.54172366621067,24066.19695847612,65.57883660000016,True,focused_mechanism_csv:81,2623,2623,104784,102559,4341,1371,2860,110,0,1057606,196,48,162,0.04232685576107411,1.6549752192146396,0.045150886892421103,21.47869154572679,93239.0,26.396717500003433,65.57796159999998,0.40252421478137923
medium,pr299_gen3_m3,1,density_p5_c2_l1,P_sensitivity,removal_density,5,2,1,100,2500,3295.0,3655.0,9.849521203830369,24078.95551819845,66.6130062000002,True,focused_mechanism_csv:82,2685,2685,105480,102379,3587,1584,1871,132,0,1039079,307,27,73,0.03503648209105383,1.3359404096834264,0.08558684137161973,22.865904655701144,82020.0,26.19456839999475,66.61207769999965,0.3932405249085166
medium,pr299_gen3_m3,0,random_p3_c2_l1,removal_ranking_ablation,random,3,2,1,100,2500,3253.0,3655.0,10.998632010943913,24018.05583022259,73.41589269999986,True,focused_mechanism_csv:83,3026,3026,100104,96431,965,470,465,30,0,729532,348,16,20,0.010007155375346102,0.3189028420356907,0.3606217616580311,21.231088082901554,20488.0,21.29571100001158,73.41498229999979,0.29007309315950947
medium,pr299_gen3_m3,1,random_p3_c2_l1,removal_ranking_ablation,random,3,2,1,100,2500,3300.0,3655.0,9.712722298221614,24031.680080291648,63.6500474999998,True,focused_mechanism_csv:84,3026,3026,115608,113292,1351,743,563,45,0,816358,697,22,32,0.01192493733008509,0.44646397884996697,0.5159141376757957,19.164322723908217,25891.0,22.471484100009548,63.649468799999795,0.35305061493317
small,bier127_gen1_m3,0,density_p1_c2_l1,P_sensitivity,removal_density,1,2,1,100,2500,102.0,103.0,0.970873786407767,58269.02372990226,16.874549600000137,True,focused_mechanism_csv:85,3456,3456,72586,72586,372,372,0,0,0,72502,288,2,2,0.005124955225525583,0.1076388888888889,0.7741935483870968,1.0,372.0,4.663049899984799,16.873901599999954,0.2763468704822133
small,bier127_gen1_m3,1,density_p1_c2_l1,P_sensitivity,removal_density,1,2,1,100,2500,101.0,103.0,1.941747572815534,57828.074436308234,18.183241799999905,True,focused_mechanism_csv:86,3634,3634,80022,80022,386,386,0,0,0,79955,319,2,2,0.004823673489790308,0.10621904237754541,0.8264248704663213,1.0,386.0,5.0890016000112155,18.18225419999999,0.27988837599747224
small,bier127_gen1_m3,0,density_p3_c1_l1,C_sensitivity,removal_density,3,1,1,100,2500,102.0,103.0,0.970873786407767,58371.867980361814,22.13563729999987,True,focused_mechanism_csv:87,3548,3548,77893,77893,407,407,0,0,0,233554,324,4,4,0.0052251165059761465,0.11471251409244645,0.7960687960687961,1.0,407.0,8.327331799994226,22.13499550000006,0.37620661815784895
small,bier127_gen1_m3,1,density_p3_c1_l1,C_sensitivity,removal_density,3,1,1,100,2500,102.0,103.0,0.970873786407767,58452.52500027385,22.07776309999963,True,focused_mechanism_csv:88,3759,3759,79704,79704,498,498,0,0,0,238971,402,3,9,0.006248118036735923,0.13248204309656825,0.8072289156626506,1.0,498.0,8.595078200026364,22.077160999999705,0.38931990395080596
small,bier127_gen1_m3,0,density_p3_c2_l0,bounded_two_opt_ablation,removal_density,3,2,0,100,2500,101.0,103.0,1.941747572815534,57527.89847081743,20.158263600000282,True,focused_mechanism_csv:89,3660,3660,80666,80666,0,0,0,0,0,241998,0,0,0,0.0,0.0,0.0,0.0,0.0,6.872618200000488,20.157627700000376,0.3409438006437811
small,bier127_gen1_m3,1,density_p3_c2_l0,bounded_two_opt_ablation,removal_density,3,2,0,100,2500,101.0,103.0,1.941747572815534,55105.114910989185,19.891678099999808,True,focused_mechanism_csv:90,3760,3760,80900,80900,0,0,0,0,0,242700,0,0,0,0.0,0.0,0.0,0.0,0.0,6.895758100007242,19.891217799999595,0.3466735003026
small,bier127_gen1_m3,0,density_p3_c2_l1,reference_and_mechanism_logging,removal_density,3,2,1,100,2500,102.0,103.0,0.970873786407767,58371.867980361814,21.119147699999758,True,focused_mechanism_csv:91,3548,3548,77893,77893,407,407,0,0,0,233554,324,4,4,0.0052251165059761465,0.11471251409244645,0.7960687960687961,1.0,407.0,8.068183899986707,21.118327599999702,0.38204653572979047
small,bier127_gen1_m3,1,density_p3_c2_l1,reference_and_mechanism_logging,removal_density,3,2,1,100,2500,102.0,103.0,0.970873786407767,58452.52500027385,21.050266100000044,True,focused_mechanism_csv:92,3759,3759,79704,79704,498,498,0,0,0,238971,402,3,9,0.006248118036735923,0.13248204309656825,0.8072289156626506,1.0,498.0,8.309795700007271,21.049393699999655,0.3947760120049162
small,bier127_gen1_m3,0,density_p3_c3_l1,C_sensitivity,removal_density,3,3,1,100,2500,102.0,103.0,0.970873786407767,58371.867980361814,22.26692779999985,True,focused_mechanism_csv:93,3548,3548,77893,77893,407,407,0,0,0,233554,324,4,4,0.0052251165059761465,0.11471251409244645,0.7960687960687961,1.0,407.0,8.479702800014365,22.26636389999976,0.3808301543124631
small,bier127_gen1_m3,1,density_p3_c3_l1,C_sensitivity,removal_density,3,3,1,100,2500,102.0,103.0,0.970873786407767,58452.52500027385,22.186146100000315,True,focused_mechanism_csv:94,3759,3759,79704,79704,498,498,0,0,0,238971,402,3,9,0.006248118036735923,0.13248204309656825,0.8072289156626506,1.0,498.0,8.71707650001099,22.18525640000007,0.39292205340529496
small,bier127_gen1_m3,0,density_p5_c2_l1,P_sensitivity,removal_density,5,2,1,100,2500,102.0,103.0,0.970873786407767,58228.35734730594,24.33321049999995,True,focused_mechanism_csv:95,3537,3537,75223,75223,521,521,0,0,0,375958,433,6,6,0.0069260731425228985,0.14729997172745266,0.8310940499040307,1.0,521.0,11.213554900031795,24.332383500000105,0.46084901218295143
small,bier127_gen1_m3,1,density_p5_c2_l1,P_sensitivity,removal_density,5,2,1,100,2500,103.0,103.0,0.0,58462.76149648396,24.81534529999999,True,focused_mechanism_csv:96,3619,3619,76751,76751,400,400,0,0,0,383638,336,4,13,0.005211658480019804,0.11052777010223819,0.84,1.0,400.0,11.534059100000377,24.81450330000007,0.46481120176200924
small,bier127_gen1_m3,0,random_p3_c2_l1,removal_ranking_ablation,random,3,2,1,100,2500,101.0,103.0,1.941747572815534,56732.591786016965,21.042899000000034,True,focused_mechanism_csv:97,3574,3574,78919,78919,448,448,0,0,0,236640,364,2,2,0.005676706496534421,0.12534974818130945,0.8125,1.0,448.0,8.145403899973644,21.041930500000035,0.3871034504164734
small,bier127_gen1_m3,1,random_p3_c2_l1,removal_ranking_ablation,random,3,2,1,100,2500,102.0,103.0,0.970873786407767,58715.307380134465,20.784468299999844,True,focused_mechanism_csv:98,3641,3641,78268,78268,410,410,0,0,0,234698,340,2,4,0.005238411611386518,0.11260642680582257,0.8292682926829268,1.0,410.0,8.096718699999656,20.78364650000003,0.3895716134317259
small,bier127_gen2_m3,0,density_p1_c2_l1,P_sensitivity,removal_density,1,2,1,100,2500,5109.0,5393.0,5.266085666604858,58788.57466910516,21.81353880000006,True,focused_mechanism_csv:99,3127,3127,69583,69583,4303,2121,1457,725,0,139239,528,16,39,0.06183981719672908,1.376079309242085,0.12270508947246107,40.04531722054381,172315.0,5.896994500009896,21.812572499999987,0.2703484194727559
small,bier127_gen2_m3,1,density_p1_c2_l1,P_sensitivity,removal_density,1,2,1,100,2500,5130.0,5393.0,4.876692008158725,58804.53017946926,20.45295309999983,True,focused_mechanism_csv:100,3060,3060,70760,70760,4523,1980,1742,801,0,135158,583,17,71,0.06392029395138496,1.4781045751633988,0.12889674994472694,37.094627459650674,167779.0,5.803928500011807,20.452116899999965,0.2837813087217303
small,bier127_gen2_m3,0,density_p3_c1_l1,C_sensitivity,removal_density,3,1,1,100,2500,5154.0,5393.0,4.431670684220285,59084.078870365054,22.74785639999982,True,focused_mechanism_csv:101,2941,2941,69470,69470,3830,1825,2005,0,0,338854,839,16,62,0.055131711530156904,1.3022781366882012,0.21906005221932115,37.81331592689295,144825.0,9.392724999978327,22.747338799999852,0.41291533407760156
small,bier127_gen2_m3,1,density_p3_c1_l1,C_sensitivity,removal_density,3,1,1,100,2500,5135.0,5393.0,4.783979232338217,58512.174644893705,22.971293199999764,True,focused_mechanism_csv:102,3092,3092,67744,67744,4039,1949,2090,0,0,332629,744,19,59,0.0596215162966462,1.3062742561448901,0.1842040108937856,38.49467690022283,155480.0,9.337138200016398,22.970375200000035,0.4064860986692278
small,bier127_gen2_m3,0,density_p3_c2_l0,bounded_two_opt_ablation,removal_density,3,2,0,100,2500,5316.0,5393.0,1.4277767476358243,58962.7371605033,24.507241799999974,True,focused_mechanism_csv:103,3284,3284,74296,74296,5345,2511,2117,717,0,388757,0,23,139,0.07194196188220092,1.6275883069427528,0.0,41.1000935453695,219680.0,9.036463300009927,24.50611260000005,0.36874323755494
small,bier127_gen2_m3,1,density_p3_c2_l0,bounded_two_opt_ablation,removal_density,3,2,0,100,2500,5130.0,5393.0,4.876692008158725,59058.26314540113,24.60664390000011,True,focused_mechanism_csv:104,3316,3316,77013,77013,5322,2164,2197,961,0,471570,0,16,99,0.06910521600249309,1.6049457177322075,0.0,38.412814731304024,204433.0,10.102160100010224,24.60561370000005,0.41056322444053506
small,bier127_gen2_m3,0,density_p3_c2_l1,reference_and_mechanism_logging,removal_density,3,2,1,100,2500,5164.0,5393.0,4.246245132579269,59111.61386207455,26.15918780000038,True,focused_mechanism_csv:105,3022,3022,68555,68555,4935,2261,1830,844,0,424681,949,37,133,0.07198599664502954,1.6330244870946393,0.19229989868287742,36.327659574468086,179277.0,11.324812399989241,26.158641200000147,0.43292815989192807
small,bier127_gen2_m3,1,density_p3_c2_l1,reference_and_mechanism_logging,removal_density,3,2,1,100,2500,5154.0,5393.0,4.431670684220285,59084.078870365054,24.45566420000023,True,focused_mechanism_csv:106,2965,2965,74025,74025,5692,2525,2061,1106,0,394415,943,16,97,0.07689294157379263,1.9197301854974704,0.16567111735769502,39.31746310611384,223795.0,10.760899199994583,24.45487230000026,0.44003088905904725
small,bier127_gen2_m3,0,density_p3_c3_l1,C_sensitivity,removal_density,3,3,1,100,2500,5124.0,5393.0,4.987947339143334,58728.4579980141,26.81295339999997,True,focused_mechanism_csv:107,2879,2879,66029,66029,4723,2003,1646,848,226,461143,704,31,134,0.07152917657392964,1.6405001736714138,0.14905780224433623,35.700614016514926,168614.0,11.884102899977734,26.811924699999963,0.4432394553151102
small,bier127_gen2_m3,1,density_p3_c3_l1,C_sensitivity,removal_density,3,3,1,100,2500,5135.0,5393.0,4.783979232338217,58493.513710046995,26.75685069999963,True,focused_mechanism_csv:108,3118,3118,77689,77689,5324,2233,1907,866,318,426361,1053,22,56,0.06852965027223931,1.7075048107761386,0.19778362133734034,41.235537190082646,219538.0,11.662750500002403,26.755908099999942,0.4358943997121304
small,bier127_gen2_m3,0,density_p5_c2_l1,P_sensitivity,removal_density,5,2,1,100,2500,5173.0,5393.0,4.079362136102355,59056.39737194024,30.630908900000122,True,focused_mechanism_csv:109,2956,2956,70190,70190,5815,2692,1901,1222,0,720195,942,21,94,0.08284655933893717,1.9671853856562922,0.16199484092863284,35.200343938091144,204690.0,16.706723999999667,30.630357900000035,0.5454302576072625
small,bier127_gen2_m3,1,density_p5_c2_l1,P_sensitivity,removal_density,5,2,1,100,2500,5096.0,5393.0,5.507138883738179,59018.77135293915,32.56881659999999,True,focused_mechanism_csv:110,2949,2949,64890,64890,3875,1943,1372,560,0,729710,540,18,48,0.059716443211588845,1.3140047473719905,0.1393548387096774,41.660645161290326,161435.0,17.30410719998372,32.56827410000005,0.5313179060963409
small,bier127_gen2_m3,0,random_p3_c2_l1,removal_ranking_ablation,random,3,2,1,100,2500,5089.0,5393.0,5.636936769886891,58902.11043448548,25.349912799999856,True,focused_mechanism_csv:111,3179,3179,65681,65681,1094,687,313,94,0,325997,432,7,11,0.016656262846180783,0.3441333752752438,0.39488117001828155,34.70018281535649,37962.0,9.32269859998678,25.348862299999837,0.3677758192716538
small,bier127_gen2_m3,1,random_p3_c2_l1,removal_ranking_ablation,random,3,2,1,100,2500,5114.0,5393.0,5.17337289078435,58894.34943516299,24.33087260000002,True,focused_mechanism_csv:112,3311,3311,68163,68163,1321,892,320,109,0,338304,580,8,15,0.01938001555095873,0.39897311990335244,0.4390613171839515,32.30128690386071,42670.0,9.485402600013003,24.330070100000285,0.38986334856523464
small,bier127_gen3_m3,0,density_p1_c2_l1,P_sensitivity,removal_density,1,2,1,100,2500,2665.0,2706.0,1.5151515151515151,58965.072503016105,34.41598000000022,True,focused_mechanism_csv:113,3054,3054,66183,66183,3313,1313,1538,462,0,143915,331,13,41,0.05005817203813668,1.084806810740013,0.09990944763054634,19.567461515242982,64827.0,6.243415099981576,34.41541009999992,0.1814133576162613
small,bier127_gen3_m3,1,density_p1_c2_l1,P_sensitivity,removal_density,1,2,1,100,2500,2678.0,2706.0,1.0347376201034737,58929.1815421342,34.49262530000033,True,focused_mechanism_csv:114,3110,3110,71205,71205,4106,1536,1814,756,0,147002,417,15,46,0.057664489853240644,1.320257234726688,0.10155869459327813,19.13565513882124,78571.0,6.452698400005374,34.49178380000012,0.18707928930035075
small,bier127_gen3_m3,0,density_p3_c1_l1,C_sensitivity,removal_density,3,1,1,100,2500,2648.0,2706.0,2.1433850702143387,59070.391818337186,34.795757400000184,True,focused_mechanism_csv:115,3072,3072,64717,64717,3691,1411,2280,0,0,347581,506,30,89,0.0570329279787382,1.2014973958333333,0.13709021945272284,19.60769439176375,72372.0,10.152711700023247,34.79490940000005,0.29178727219284645
small,bier127_gen3_m3,1,density_p3_c1_l1,C_sensitivity,removal_density,3,1,1,100,2500,2683.0,2706.0,0.8499630450849963,59001.16734238004,29.077019800000016,True,focused_mechanism_csv:116,3166,3166,69190,69190,3644,1524,2120,0,0,357042,483,16,56,0.05266657031362914,1.1509791535060012,0.13254665203073546,19.897365532381997,72506.0,9.717270099994948,29.076172000000042,0.33420046146359755
small,bier127_gen3_m3,0,density_p3_c2_l0,bounded_two_opt_ablation,removal_density,3,2,0,100,2500,2675.0,2706.0,1.1456023651145602,58713.348067394625,37.33391849999998,True,focused_mechanism_csv:117,3131,3131,68709,68709,3651,1329,1952,370,0,463805,0,15,65,0.05313714360564118,1.1660811242414564,0.0,19.53464804163243,71321.0,10.42356239999799,37.33284700000013,0.27920620144501584
small,bier127_gen3_m3,1,density_p3_c2_l0,bounded_two_opt_ablation,removal_density,3,2,0,100,2500,2688.0,2706.0,0.6651884700665188,59007.075373401574,33.26141570000027,True,focused_mechanism_csv:118,3180,3180,68012,68012,3052,1183,1476,393,0,464464,0,27,107,0.04487443392342528,0.959748427672956,0.0,19.595347313237223,59805.0,10.4233584999929,33.260362200000145,0.31338680070035
small,bier127_gen3_m3,0,density_p3_c2_l1,reference_and_mechanism_logging,removal_density,3,2,1,100,2500,2690.0,2706.0,0.5912786400591279,58945.63125475195,35.30176200000005,True,focused_mechanism_csv:119,3000,3000,66724,66724,3759,1705,1496,558,0,446599,720,24,77,0.0563365505665128,1.253,0.19154030327214686,19.477254588986433,73215.0,11.735982199984392,35.30082140000013,0.3324563490181095
small,bier127_gen3_m3,1,density_p3_c2_l1,reference_and_mechanism_logging,removal_density,3,2,1,100,2500,2662.0,2706.0,1.6260162601626016,59015.25180854664,40.62170120000019,True,focused_mechanism_csv:120,3077,3077,64920,64920,3571,1345,1790,436,0,462178,508,22,72,0.05500616142945163,1.1605459863503413,0.1422570708485018,20.42145057406889,72925.0,12.450257800016061,40.621119400000225,0.3064971616714234
small,bier127_gen3_m3,0,density_p3_c3_l1,C_sensitivity,removal_density,3,3,1,100,2500,2627.0,2706.0,2.919438285291944,58353.44304710022,35.008412600000156,True,focused_mechanism_csv:121,3304,3304,77936,77936,3470,1440,1440,542,48,497633,269,13,42,0.04452371176349826,1.0502421307506054,0.07752161383285303,21.462247838616715,74474.0,12.941201699986777,35.00757419999991,0.36966862159751734
small,bier127_gen3_m3,1,density_p3_c3_l1,C_sensitivity,removal_density,3,3,1,100,2500,2665.0,2706.0,1.5151515151515151,58895.81663616857,38.49400109999988,True,focused_mechanism_csv:122,3022,3022,63112,63112,3610,1403,1702,396,109,474354,497,17,35,0.05719989859297756,1.1945731303772336,0.1376731301939058,20.103601108033242,72574.0,11.980311899990738,38.49316299999964,0.311232202456079
small,bier127_gen3_m3,0,density_p5_c2_l1,P_sensitivity,removal_density,5,2,1,100,2500,2683.0,2706.0,0.8499630450849963,59027.40778079943,39.32276170000023,True,focused_mechanism_csv:123,2898,2898,62692,62692,3716,1599,1569,548,0,733588,674,26,89,0.05927391054680023,1.282263630089717,0.1813778256189451,19.406620021528525,72115.0,17.582347100011702,39.321783300000334,0.4471401250006775
small,bier127_gen3_m3,1,density_p5_c2_l1,P_sensitivity,removal_density,5,2,1,100,2500,2675.0,2706.0,1.1456023651145602,58713.348067394625,43.68179109999983,True,focused_mechanism_csv:124,3006,3006,68259,68259,3830,1565,1656,609,0,719975,601,17,80,0.05610981702046616,1.2741184298070525,0.1569190600522193,20.753002610966057,79484.0,17.39114270000573,43.68087710000009,0.39814087661728054
small,bier127_gen3_m3,0,random_p3_c2_l1,removal_ranking_ablation,random,3,2,1,100,2500,2639.0,2706.0,2.475979305247598,58803.01415165308,36.798541900000146,True,focused_mechanism_csv:125,3342,3342,73570,73570,1048,548,392,108,0,501807,373,15,31,0.014244936794889222,0.31358467983243565,0.35591603053435117,18.995229007633586,19907.0,13.083191100015483,36.79792159999988,0.35554157765300326
small,bier127_gen3_m3,1,random_p3_c2_l1,removal_ranking_ablation,random,3,2,1,100,2500,2662.0,2706.0,1.6260162601626016,59074.07277990644,40.14531160000024,True,focused_mechanism_csv:126,3167,3167,67810,67810,1091,581,390,120,0,479859,446,9,23,0.01608907240819938,0.34449005367856017,0.40879926672777267,18.284142988084326,19948.0,13.074735199998031,40.14474139999993,0.3256898598429645
