Benchmark,Instance,Budget_Seconds
Chao,p4.2.a,2.09690492499999
Chao,p4.2.b,3.48707622500001
Chao,p4.2.c,4.77421177500014
Chao,p4.2.d,6.292604850000089
Chao,p4.2.e,7.438603824999973
Chao,p4.2.f,8.789560700000038
Chao,p4.2.g,10.080847449999965
Chao,p4.2.h,12.11024479999992
Chao,p4.2.i,12.539814824999894
Chao,p4.2.j,11.574825825000062
Chao,p4.2.k,12.205864174999988
Chao,p4.2.l,12.181557350000048
Chao,p4.2.m,12.442858424999711
Chao,p4.2.n,11.478437850000546
Chao,p4.2.o,12.127632750000204
Chao,p4.2.p,10.97855225000012
Chao,p4.2.q,9.957844875000092
Chao,p4.2.r,9.02643665000005
Chao,p4.2.s,7.750026475000368
Chao,p4.2.t,7.1081534000009015
Chao,p4.3.c,2.0727383750004265
Chao,p4.3.d,3.224414650000199
Chao,p4.3.e,4.653492950000327
Chao,p4.3.f,5.310437875000844
Chao,p4.3.g,6.209602974999143
Chao,p4.3.h,7.29379172499921
Chao,p4.3.i,8.776482175000183
Chao,p4.3.j,9.85806404999994
Chao,p4.3.k,10.00703465000015
Chao,p4.3.l,9.492194874999312
Chao,p4.3.m,9.458147900000313
Chao,p4.3.n,9.54739010000003
Chao,p4.3.o,9.600253350000456
Chao,p4.3.p,9.074289999999564
Chao,p4.3.q,9.11141975000055
Chao,p4.3.r,7.666611625000314
Chao,p4.3.s,7.327271674999793
Chao,p4.3.t,6.438867599999412
Chao,p4.4.e,1.968330700000024
Chao,p4.4.f,3.190492099999574
Chao,p4.4.g,4.28755612499981
Chao,p4.4.h,5.165406449999409
Chao,p4.4.i,5.946116475000508
Chao,p4.4.j,6.796319374999712
Chao,p4.4.k,8.15633514999945
Chao,p4.4.l,8.395748049999838
Chao,p4.4.m,9.052383624999491
Chao,p4.4.n,9.472798925000006
Chao,p4.4.o,8.759460175000186
Chao,p4.4.p,9.107960350000212
Chao,p4.4.q,8.05738297500011
Chao,p4.4.r,7.936711199999536
Chao,p4.4.s,7.267381775000558
Chao,p4.4.t,6.894636874999833
Chao,p5.2.h,2.5047752749997017
Chao,p5.2.j,2.6727737749997686
Chao,p5.2.k,3.485266225000487
Chao,p5.2.l,3.2870740499997737
Chao,p5.2.m,4.330206825000005
Chao,p5.2.n,4.147918699999536
Chao,p5.2.o,4.055512049999834
Chao,p5.2.p,4.571272224999575
Chao,p5.2.q,4.418994250000196
Chao,p5.2.r,4.87192237499994
Chao,p5.2.s,4.718533475000186
Chao,p5.2.t,4.595996725000077
Chao,p5.2.u,4.712462625000171
Chao,p5.2.v,4.337932524999815
Chao,p5.2.w,4.114311649999763
Chao,p5.2.x,3.4747546999992664
Chao,p5.2.y,3.2344877250002355
Chao,p5.2.z,2.5367986249998467
Chao,p5.3.k,2.763983450000069
Chao,p5.3.l,2.844513474999985
Chao,p5.3.n,3.4665860499999326
Chao,p5.3.o,3.565351675000329
Chao,p5.3.q,4.059889250000197
Chao,p5.3.r,3.944829324999773
Chao,p5.3.s,4.45866100000012
Chao,p5.3.t,4.4674831249994895
Chao,p5.3.u,4.153086850000818
Chao,p5.3.v,3.92622317499945
Chao,p5.3.w,3.7727935000002617
Chao,p5.3.x,3.480222550000235
Chao,p5.3.y,3.2831944999998086
Chao,p5.3.z,2.795735500000319
Chao,p5.4.m,2.9150769500001843
Chao,p5.4.o,3.3340727249997144
Chao,p5.4.p,3.456452624999656
Chao,p5.4.q,3.827465775000292
Chao,p5.4.r,3.974126500000239
Chao,p5.4.s,4.035515250000117
Chao,p5.4.t,4.042686750000485
Chao,p5.4.u,3.711924900000213
Chao,p5.4.v,3.5700283500000296
Chao,p5.4.w,3.8709747749999215
Chao,p5.4.x,3.6577532249998512
Chao,p5.4.y,3.121943425000154
Chao,p5.4.z,2.5860553499996968
Chao,p6.2.d,2.159697099999903
Chao,p6.2.j,4.075300524999875
Chao,p6.2.l,4.253416824999931
Chao,p6.2.m,3.923616524999943
Chao,p6.2.n,3.613294375000805
Chao,p6.3.g,2.50615095000012
Chao,p6.3.h,3.609835825000573
Chao,p6.3.i,3.885602074999952
Chao,p6.3.k,3.726914500000021
Chao,p6.3.l,3.7523309249991135
Chao,p6.3.m,3.9035824749998937
Chao,p6.3.n,3.487434950000079
Chao,p6.4.j,2.6613815750006324
Chao,p6.4.k,3.4565733000004
Chao,p6.4.l,4.096919024999806
Chao,p7.2.d,1.9407258000001093
Chao,p7.2.e,2.4477318999997806
Chao,p7.2.f,3.569863325000369
Chao,p7.2.g,5.193349575000411
Chao,p7.2.h,5.941513924999981
Chao,p7.2.i,6.343717100000049
Chao,p7.2.j,6.691466100000525
Chao,p7.2.k,7.009295225000187
Chao,p7.2.l,7.582449850000557
Chao,p7.2.m,8.282400724999206
Chao,p7.2.n,8.72089752500051
Chao,p7.2.o,9.018516125000133
Chao,p7.2.p,9.66209047500024
Chao,p7.2.q,10.50594052500037
Chao,p7.2.r,10.3198067000003
Chao,p7.2.s,10.608844649999355
Chao,p7.2.t,10.843478000000232
Chao,p7.3.h,3.63703277500008
Chao,p7.3.i,4.341944450000483
Chao,p7.3.j,4.910080750000816
Chao,p7.3.k,6.26389805000008
Chao,p7.3.l,6.489253450000433
Chao,p7.3.m,6.316391799999565
Chao,p7.3.n,6.954018099999757
Chao,p7.3.o,7.014665999999579
Chao,p7.3.p,7.389539050000167
Chao,p7.3.q,7.743643349999729
Chao,p7.3.r,8.269940325000334
Chao,p7.3.s,8.896971825000492
Chao,p7.3.t,9.199892474999617
Chao,p7.4.g,2.230402299999241
Chao,p7.4.h,2.711994350000168
Chao,p7.4.i,3.1855116500000804
Chao,p7.4.k,4.843515449999359
Chao,p7.4.l,5.106824675000098
Chao,p7.4.m,5.672325449999789
Chao,p7.4.n,6.741882575000091
Chao,p7.4.o,6.809454424999785
Chao,p7.4.p,7.157711650000692
Chao,p7.4.q,7.599131425000451
Chao,p7.4.r,7.4638690249998945
Chao,p7.4.s,7.606512374999056
Chao,p7.4.t,7.737363849999383
Dang,bier127_gen1_m2,17.152962350000053
Dang,bier127_gen1_m3,14.07591869999942
Dang,bier127_gen2_m2,25.534227200000718
Dang,bier127_gen2_m3,16.727191424998637
Dang,bier127_gen2_m4,16.221627800000533
Dang,bier127_gen3_m2,29.387025175000417
Dang,bier127_gen3_m3,24.74875665000036
Dang,bier127_gen3_m4,18.83668509999916
Dang,cmt101c_m3,9.301131875000465
Dang,cmt151b_m3,15.708839575000638
Dang,cmt151c_m2,23.293010200000023
Dang,cmt151c_m3,19.459460425000543
Dang,cmt151c_m4,16.683133199999247
Dang,cmt200b_m2,39.156233175000125
Dang,cmt200b_m3,27.987053099999684
Dang,cmt200b_m4,22.954132700000628
Dang,cmt200c_m2,47.57637597499979
Dang,cmt200c_m3,36.215110574999926
Dang,cmt200c_m4,32.4448559500006
Dang,eil101b_m3,7.349109925000448
Dang,eil101c_m2,11.105511849999855
Dang,eil101c_m3,9.564464200000655
Dang,gil262_gen1_m3,24.997255774998848
Dang,gil262_gen1_m4,17.904335599999285
Dang,gil262_gen2_m2,59.76122350000151
Dang,gil262_gen2_m3,28.07349539999996
Dang,gil262_gen3_m2,56.32583732499916
Dang,gil262_gen3_m4,21.28265452499909
Dang,gil262a_m2,22.421170749999877
Dang,gil262a_m4,12.685807675001342
Dang,gil262b_m2,54.28280810000069
Dang,gil262b_m3,39.742718599999534
Dang,gil262b_m4,31.320743649999716
Dang,gil262c_m2,71.7763644000006
Dang,gil262c_m3,54.2995010249997
Dang,gil262c_m4,46.53385975000037
Dang,gr229_gen1_m4,33.247639100001834
Dang,gr229_gen2_m3,27.48922107499948
Dang,gr229_gen2_m4,43.4268879250003
Dang,gr229_gen3_m3,26.590247125000133
Dang,gr229_gen3_m4,54.309092349999446
Dang,kroA150_gen2_m2,23.57265989999996
Dang,kroA150_gen3_m3,15.560033299999304
Dang,kroA200_gen1_m4,14.933187174999148
Dang,kroB200_gen1_m2,25.80506442500064
Dang,kroB200_gen2_m2,39.10328715000014
Dang,kroB200_gen2_m4,20.763080400000035
Dang,kroB200_gen3_m2,24.35206290000133
Dang,kroB200_gen3_m3,26.19213524999941
Dang,lin318_gen1_m2,60.37813310000092
Dang,lin318_gen1_m3,43.1556224499991
Dang,lin318_gen2_m2,100.76384979999966
Dang,lin318_gen2_m3,53.27196387499953
Dang,lin318_gen3_m2,89.66302797499975
Dang,lin318_gen3_m4,38.06572147499992
Dang,pr136_gen1_m2,10.491221124999356
Dang,pr136_gen2_m2,13.121088375
Dang,pr264_gen1_m4,26.488940699999148
Dang,pr264_gen2_m2,65.81034304999957
Dang,pr264_gen2_m3,37.96189437499925
Dang,pr264_gen2_m4,37.45364742499987
Dang,pr264_gen3_m3,42.07617170000049
Dang,pr299_gen1_m2,44.85839287500221
Dang,pr299_gen1_m3,29.867939674999437
Dang,pr299_gen1_m4,20.673090799999045
Dang,pr299_gen2_m3,36.89149082499989
Dang,pr299_gen2_m4,22.703178775001103
Dang,pr299_gen3_m2,81.9937711249986
Dang,pr299_gen3_m3,42.186979050000446
Dang,pr299_gen3_m4,24.62048084999969
Dang,rat195_gen2_m2,25.94742977500209
Dang,rat195_gen3_m3,22.23391784999967
Dang,rd400_gen1_m2,134.15906689999974
Dang,rd400_gen1_m3,114.18073417499907
Dang,rd400_gen1_m4,94.98835320000036
Dang,rd400_gen2_m2,161.45456469999954
Dang,rd400_gen2_m3,130.0322764499997
Dang,rd400_gen2_m4,94.23947462500018
Dang,rd400_gen3_m2,158.46097782500055
Dang,rd400_gen3_m3,121.5379268250008
Dang,rd400_gen3_m4,97.38319002499976
Dang,ts225_gen2_m2,37.26226475000021
