Size,Instance,Seed,Configuration,Ejection_Enabled,K,L,Iterations,Reward,BKS,BKS_Gap_Percent_Source,Total_Distance,Runtime_Seconds,Feasible,History_Valid,Source_Record
large,rd400_gen1_m3,0,k100_l1,True,100,1,5000,207.0,224.0,7.589285714285714,7605.795706078105,1400.6345165999996,True,True,sensitivity_csv:1
large,rd400_gen1_m3,1,k100_l1,True,100,1,5000,215.0,224.0,4.017857142857143,7585.9832493186805,1496.7562215999997,True,True,sensitivity_csv:2
large,rd400_gen1_m3,0,k100_l3,True,100,3,5000,213.0,224.0,4.910714285714286,7592.262692206445,3297.5170651999997,True,True,sensitivity_csv:3
large,rd400_gen1_m3,1,k100_l3,True,100,3,5000,213.0,224.0,4.910714285714286,7583.84512997248,3398.809737,True,True,sensitivity_csv:4
large,rd400_gen1_m3,0,k100_l5,True,100,5,5000,211.0,224.0,5.803571428571429,7622.918872174763,3481.4471906,True,True,sensitivity_csv:5
large,rd400_gen1_m3,1,k100_l5,True,100,5,5000,217.0,224.0,3.125,7607.419584929306,3553.6162559,True,True,sensitivity_csv:6
large,rd400_gen1_m3,0,k100_linf,True,100,,5000,210.0,224.0,6.25,7622.979442660598,3697.2844305,True,True,sensitivity_csv:7
large,rd400_gen1_m3,1,k100_linf,True,100,,5000,215.0,224.0,4.017857142857143,7591.304926453001,3766.0052026,True,True,sensitivity_csv:8
large,rd400_gen1_m3,0,k20_l1,True,20,1,5000,213.0,224.0,4.910714285714286,7620.025145266045,623.8324550000002,True,True,sensitivity_csv:9
large,rd400_gen1_m3,1,k20_l1,True,20,1,5000,215.0,224.0,4.017857142857143,7593.407802654754,617.6125859000003,True,True,sensitivity_csv:10
large,rd400_gen1_m3,0,k6_l1,True,6,1,5000,209.0,224.0,6.696428571428571,7618.362607228377,335.2959847000002,True,True,sensitivity_csv:11
large,rd400_gen1_m3,1,k6_l1,True,6,1,5000,215.0,224.0,4.017857142857143,7602.075090484899,371.93137019999995,True,True,sensitivity_csv:12
large,rd400_gen1_m3,0,off,False,0,1,5000,216.0,224.0,3.5714285714285716,7604.846374273257,262.9883193999999,True,True,sensitivity_csv:13
large,rd400_gen1_m3,1,off,False,0,1,5000,215.0,224.0,4.017857142857143,7588.447067299823,250.7013068000001,True,True,sensitivity_csv:14
large,rd400_gen2_m3,0,k100_l1,True,100,1,5000,11497.0,12646.0,9.085876957140599,7626.5724512199495,2776.8026126,True,True,sensitivity_csv:15
large,rd400_gen2_m3,1,k100_l1,True,100,1,5000,12016.0,12646.0,4.98181243080816,7635.1274630858925,3453.4910964000005,True,True,sensitivity_csv:16
large,rd400_gen2_m3,0,k100_l3,True,100,3,5000,11692.0,12646.0,7.543887395223786,7636.112655942453,4086.7109738,True,True,sensitivity_csv:17
large,rd400_gen2_m3,1,k100_l3,True,100,3,5000,11902.0,12646.0,5.883283251621066,7632.332404513607,4690.6154615000005,True,True,sensitivity_csv:18
large,rd400_gen2_m3,0,k100_l5,True,100,5,5000,11734.0,12646.0,7.211766566503242,7630.537977393276,4837.984708200001,True,True,sensitivity_csv:19
large,rd400_gen2_m3,1,k100_l5,True,100,5,5000,12069.0,12646.0,4.56270757551795,7629.916182413897,5759.9399062,True,True,sensitivity_csv:20
large,rd400_gen2_m3,0,k100_linf,True,100,,5000,12113.0,12646.0,4.2147714692392855,7635.6671594759555,3699.4527244,True,True,sensitivity_csv:21
large,rd400_gen2_m3,1,k100_linf,True,100,,5000,11763.0,12646.0,6.982445041910485,7636.461097493731,3370.4773281999996,True,True,sensitivity_csv:22
large,rd400_gen2_m3,0,k20_l1,True,20,1,5000,11803.0,12646.0,6.666139490748063,7625.729079574503,1027.3304350000003,True,True,sensitivity_csv:23
large,rd400_gen2_m3,1,k20_l1,True,20,1,5000,11180.0,12646.0,11.5925984501028,7637.810719292513,1021.2981093000003,True,True,sensitivity_csv:24
large,rd400_gen2_m3,0,k6_l1,True,6,1,5000,11345.0,12646.0,10.287838051557804,7634.969920009629,608.1772223999997,True,True,sensitivity_csv:25
large,rd400_gen2_m3,1,k6_l1,True,6,1,5000,11280.0,12646.0,10.801834572196743,7628.778443726986,649.0412944,True,True,sensitivity_csv:26
large,rd400_gen2_m3,0,off,False,0,1,5000,10855.0,12646.0,14.162581053297485,7624.804252390604,408.50722840000026,True,True,sensitivity_csv:27
large,rd400_gen2_m3,1,off,False,0,1,5000,11345.0,12646.0,10.287838051557804,7626.786370211169,344.24841019999985,True,True,sensitivity_csv:28
large,rd400_gen3_m3,0,k100_l1,True,100,1,5000,10768.0,11639.0,7.48346077841739,7633.782533637592,1752.403601500001,True,True,sensitivity_csv:29
large,rd400_gen3_m3,1,k100_l1,True,100,1,5000,10740.0,11639.0,7.724031274164447,7638.888969611602,2040.5376038999993,True,True,sensitivity_csv:30
large,rd400_gen3_m3,0,k100_l3,True,100,3,5000,10607.0,11639.0,8.86674112896297,7636.764964826934,3699.8535556999996,True,True,sensitivity_csv:31
large,rd400_gen3_m3,1,k100_l3,True,100,3,5000,10631.0,11639.0,8.660537846894064,7637.178489910448,3371.7219220999996,True,True,sensitivity_csv:32
large,rd400_gen3_m3,0,k100_l5,True,100,5,5000,10791.0,11639.0,7.285849299768021,7639.062601593294,3508.983970799999,True,True,sensitivity_csv:33
large,rd400_gen3_m3,1,k100_l5,True,100,5,5000,10708.0,11639.0,7.998968983589656,7639.7520115351135,2698.1472767999994,True,True,sensitivity_csv:34
large,rd400_gen3_m3,0,k100_linf,True,100,,5000,10649.0,11639.0,8.505885385342383,7634.939589803457,3261.0944065999993,True,True,sensitivity_csv:35
large,rd400_gen3_m3,1,k100_linf,True,100,,5000,10711.0,11639.0,7.973193573331042,7638.4097635848475,2936.649590199999,True,True,sensitivity_csv:36
large,rd400_gen3_m3,0,k20_l1,True,20,1,5000,10630.0,11639.0,8.6691296503136,7637.013571132834,883.2006320999999,True,True,sensitivity_csv:37
large,rd400_gen3_m3,1,k20_l1,True,20,1,5000,10669.0,11639.0,8.334049316951628,7637.720480669134,866.2093678000001,True,True,sensitivity_csv:38
large,rd400_gen3_m3,0,k6_l1,True,6,1,5000,10554.0,11639.0,9.32210671019847,7619.063305098611,500.86048109999956,True,True,sensitivity_csv:39
large,rd400_gen3_m3,1,k6_l1,True,6,1,5000,10537.0,11639.0,9.468167368330613,7638.100793244815,506.64869050000016,True,True,sensitivity_csv:40
large,rd400_gen3_m3,0,off,False,0,1,5000,10599.0,11639.0,8.935475556319272,7616.378565435599,292.9358837,True,True,sensitivity_csv:41
large,rd400_gen3_m3,1,off,False,0,1,5000,10410.0,11639.0,10.559326402611909,7613.699622507069,291.99981409999964,True,True,sensitivity_csv:42
medium,pr299_gen1_m3,0,k100_l1,True,100,1,5000,109.0,111.0,1.8018018018018018,24034.724803771758,246.43505529999993,True,True,sensitivity_csv:43
medium,pr299_gen1_m3,1,k100_l1,True,100,1,5000,110.0,111.0,0.9009009009009009,23870.749256995092,230.42412630000013,True,True,sensitivity_csv:44
medium,pr299_gen1_m3,0,k100_l3,True,100,3,5000,110.0,111.0,0.9009009009009009,23928.2374371094,322.96050549999995,True,True,sensitivity_csv:45
medium,pr299_gen1_m3,1,k100_l3,True,100,3,5000,110.0,111.0,0.9009009009009009,24035.30410738611,322.2518305000001,True,True,sensitivity_csv:46
medium,pr299_gen1_m3,0,k100_l5,True,100,5,5000,110.0,111.0,0.9009009009009009,23869.932662703464,383.7606809000001,True,True,sensitivity_csv:47
medium,pr299_gen1_m3,1,k100_l5,True,100,5,5000,108.0,111.0,2.7027027027027026,23738.535428227762,409.8230079,True,True,sensitivity_csv:48
medium,pr299_gen1_m3,0,k100_linf,True,100,,5000,110.0,111.0,0.9009009009009009,23921.668710842136,341.9158112,True,True,sensitivity_csv:49
medium,pr299_gen1_m3,1,k100_linf,True,100,,5000,110.0,111.0,0.9009009009009009,23869.932662703464,394.1523058,True,True,sensitivity_csv:50
medium,pr299_gen1_m3,0,k20_l1,True,20,1,5000,109.0,111.0,1.8018018018018018,23887.07191067965,145.92420170000014,True,True,sensitivity_csv:51
medium,pr299_gen1_m3,1,k20_l1,True,20,1,5000,110.0,111.0,0.9009009009009009,24031.805240329417,146.5195781,True,True,sensitivity_csv:52
medium,pr299_gen1_m3,0,k6_l1,True,6,1,5000,109.0,111.0,1.8018018018018018,23852.29110557336,96.60300159999997,True,True,sensitivity_csv:53
medium,pr299_gen1_m3,1,k6_l1,True,6,1,5000,109.0,111.0,1.8018018018018018,23936.12674825002,94.55561139999986,True,True,sensitivity_csv:54
medium,pr299_gen1_m3,0,off,False,0,1,5000,110.0,111.0,0.9009009009009009,23897.44934490936,70.44855349999989,True,True,sensitivity_csv:55
medium,pr299_gen1_m3,1,off,False,0,1,5000,108.0,111.0,2.7027027027027026,23776.475216319104,67.16378710000004,True,True,sensitivity_csv:56
medium,pr299_gen2_m3,0,k100_l1,True,100,1,5000,5872.0,6018.0,2.4260551678298437,24029.303110774126,381.4076630999998,True,True,sensitivity_csv:57
medium,pr299_gen2_m3,1,k100_l1,True,100,1,5000,5933.0,6018.0,1.4124293785310735,24030.724679012405,433.0882862000001,True,True,sensitivity_csv:58
medium,pr299_gen2_m3,0,k100_l3,True,100,3,5000,5933.0,6018.0,1.4124293785310735,24030.724679012405,629.8121768999999,True,True,sensitivity_csv:59
medium,pr299_gen2_m3,1,k100_l3,True,100,3,5000,5789.0,6018.0,3.805250913924892,24086.768863376186,560.951331,True,True,sensitivity_csv:60
medium,pr299_gen2_m3,0,k100_l5,True,100,5,5000,5933.0,6018.0,1.4124293785310735,24030.724679012405,693.1517309999997,True,True,sensitivity_csv:61
medium,pr299_gen2_m3,1,k100_l5,True,100,5,5000,5875.0,6018.0,2.376204719175806,24028.834917557666,601.5608089999998,True,True,sensitivity_csv:62
medium,pr299_gen2_m3,0,k100_linf,True,100,,5000,5821.0,6018.0,3.2735127949484877,24049.132696730136,582.3126394999999,True,True,sensitivity_csv:63
medium,pr299_gen2_m3,1,k100_linf,True,100,,5000,5875.0,6018.0,2.376204719175806,24028.834917557666,579.1610481000002,True,True,sensitivity_csv:64
medium,pr299_gen2_m3,0,k20_l1,True,20,1,5000,5759.0,6018.0,4.3037554004652705,24029.401609554254,181.47682939999981,True,True,sensitivity_csv:65
medium,pr299_gen2_m3,1,k20_l1,True,20,1,5000,5875.0,6018.0,2.376204719175806,24028.834917557666,240.49785729999985,True,True,sensitivity_csv:66
medium,pr299_gen2_m3,0,k6_l1,True,6,1,5000,5871.0,6018.0,2.4426719840478563,24017.1909470761,138.67337159999988,True,True,sensitivity_csv:67
medium,pr299_gen2_m3,1,k6_l1,True,6,1,5000,5933.0,6018.0,1.4124293785310735,24030.724679012405,144.6250434000001,True,True,sensitivity_csv:68
medium,pr299_gen2_m3,0,off,False,0,1,5000,5933.0,6018.0,1.4124293785310735,24030.724679012405,79.73886590000006,True,True,sensitivity_csv:69
medium,pr299_gen2_m3,1,off,False,0,1,5000,5732.0,6018.0,4.752409438351612,24009.560625938655,83.28497799999991,True,True,sensitivity_csv:70
medium,pr299_gen3_m3,0,k100_l1,True,100,1,5000,3489.0,3655.0,4.54172366621067,24066.19695847612,302.4486296,True,True,sensitivity_csv:71
medium,pr299_gen3_m3,1,k100_l1,True,100,1,5000,3471.0,3655.0,5.034199726402189,24063.39209029555,376.6528865,True,True,sensitivity_csv:72
medium,pr299_gen3_m3,0,k100_l3,True,100,3,5000,3378.0,3655.0,7.578659370725034,24032.4085278646,614.4797261000003,True,True,sensitivity_csv:73
medium,pr299_gen3_m3,1,k100_l3,True,100,3,5000,3399.0,3655.0,7.004103967168263,24051.527742321967,452.37863389999984,True,True,sensitivity_csv:74
medium,pr299_gen3_m3,0,k100_l5,True,100,5,5000,3548.0,3655.0,2.9274965800273596,24049.565257630144,503.14709249999987,True,True,sensitivity_csv:75
medium,pr299_gen3_m3,1,k100_l5,True,100,5,5000,3429.0,3655.0,6.183310533515732,24053.280257017173,415.9823738,True,True,sensitivity_csv:76
medium,pr299_gen3_m3,0,k100_linf,True,100,,5000,3544.0,3655.0,3.036935704514364,24081.019725993196,495.7924874999999,True,True,sensitivity_csv:77
medium,pr299_gen3_m3,1,k100_linf,True,100,,5000,3309.0,3655.0,9.466484268125855,24062.08768705918,482.7456351000001,True,True,sensitivity_csv:78
medium,pr299_gen3_m3,0,k20_l1,True,20,1,5000,3503.0,3655.0,4.158686730506156,24065.881044342284,201.50034499999992,True,True,sensitivity_csv:79
medium,pr299_gen3_m3,1,k20_l1,True,20,1,5000,3378.0,3655.0,7.578659370725034,24032.4085278646,311.2328217999998,True,True,sensitivity_csv:80
medium,pr299_gen3_m3,0,k6_l1,True,6,1,5000,3365.0,3655.0,7.934336525307797,24071.30779291923,124.67030539999996,True,True,sensitivity_csv:81
medium,pr299_gen3_m3,1,k6_l1,True,6,1,5000,3358.0,3655.0,8.125854993160054,24000.780089580687,201.47650590000012,True,True,sensitivity_csv:82
medium,pr299_gen3_m3,0,off,False,0,1,5000,3312.0,3655.0,9.384404924760602,23883.713733872122,161.31448600000022,True,True,sensitivity_csv:83
medium,pr299_gen3_m3,1,off,False,0,1,5000,3365.0,3655.0,7.934336525307797,24049.34836346289,166.59728140000016,True,True,sensitivity_csv:84
small,bier127_gen1_m3,0,k100_l1,True,100,1,5000,103.0,103.0,0.0,57981.18115462693,112.79301239999995,True,True,sensitivity_csv:85
small,bier127_gen1_m3,1,k100_l1,True,100,1,5000,102.0,103.0,0.970873786407767,57072.76028708521,112.59406779999995,True,True,sensitivity_csv:86
small,bier127_gen1_m3,0,k100_l3,True,100,3,5000,102.0,103.0,0.970873786407767,57467.49626127408,166.6889526,True,True,sensitivity_csv:87
small,bier127_gen1_m3,1,k100_l3,True,100,3,5000,103.0,103.0,0.0,58459.982143792455,172.08123090000004,True,True,sensitivity_csv:88
small,bier127_gen1_m3,0,k100_l5,True,100,5,5000,101.0,103.0,1.941747572815534,56998.64633431067,179.1992651999999,True,True,sensitivity_csv:89
small,bier127_gen1_m3,1,k100_l5,True,100,5,5000,102.0,103.0,0.970873786407767,58183.91263347255,174.09098990000007,True,True,sensitivity_csv:90
small,bier127_gen1_m3,0,k100_linf,True,100,,5000,102.0,103.0,0.970873786407767,56982.24089565987,179.77735359999997,True,True,sensitivity_csv:91
small,bier127_gen1_m3,1,k100_linf,True,100,,5000,102.0,103.0,0.970873786407767,57019.557650361596,184.38792290000015,True,True,sensitivity_csv:92
small,bier127_gen1_m3,0,k20_l1,True,20,1,5000,101.0,103.0,1.941747572815534,57199.19119557037,100.47293149999996,True,True,sensitivity_csv:93
small,bier127_gen1_m3,1,k20_l1,True,20,1,5000,102.0,103.0,0.970873786407767,58499.916909179505,103.0980962000001,True,True,sensitivity_csv:94
small,bier127_gen1_m3,0,k6_l1,True,6,1,5000,102.0,103.0,0.970873786407767,57074.52214126969,89.52496280000003,True,True,sensitivity_csv:95
small,bier127_gen1_m3,1,k6_l1,True,6,1,5000,102.0,103.0,0.970873786407767,57019.557650361596,88.6221832,True,True,sensitivity_csv:96
small,bier127_gen1_m3,0,off,False,0,1,5000,102.0,103.0,0.970873786407767,57503.776584915104,46.439525600000024,True,True,sensitivity_csv:97
small,bier127_gen1_m3,1,off,False,0,1,5000,101.0,103.0,1.941747572815534,57666.2098301993,44.239176499999985,True,True,sensitivity_csv:98
small,bier127_gen2_m3,0,k100_l1,True,100,1,5000,5326.0,5393.0,1.2423511959948081,58468.609278102595,133.6510229999999,True,True,sensitivity_csv:99
small,bier127_gen2_m3,1,k100_l1,True,100,1,5000,5329.0,5393.0,1.1867235305025032,59064.85853195519,127.9043650000001,True,True,sensitivity_csv:100
small,bier127_gen2_m3,0,k100_l3,True,100,3,5000,5137.0,5393.0,4.746894122010013,59051.83760202125,231.3527856999999,True,True,sensitivity_csv:101
small,bier127_gen2_m3,1,k100_l3,True,100,3,5000,5326.0,5393.0,1.2423511959948081,58468.609278102595,238.89736530000005,True,True,sensitivity_csv:102
small,bier127_gen2_m3,0,k100_l5,True,100,5,5000,5158.0,5393.0,4.357500463563879,59004.81966679134,235.25490109999987,True,True,sensitivity_csv:103
small,bier127_gen2_m3,1,k100_l5,True,100,5,5000,5288.0,5393.0,1.9469682922306695,58843.96635259552,216.0556878,True,True,sensitivity_csv:104
small,bier127_gen2_m3,0,k100_linf,True,100,,5000,5299.0,5393.0,1.7430001854255517,59070.5111322938,248.1505072,True,True,sensitivity_csv:105
small,bier127_gen2_m3,1,k100_linf,True,100,,5000,5326.0,5393.0,1.2423511959948081,58468.609278102595,248.34126770000012,True,True,sensitivity_csv:106
small,bier127_gen2_m3,0,k20_l1,True,20,1,5000,5166.0,5393.0,4.209160022251067,59094.46018535689,115.21015430000011,True,True,sensitivity_csv:107
small,bier127_gen2_m3,1,k20_l1,True,20,1,5000,5147.0,5393.0,4.561468570368997,59122.52944437894,165.09985630000006,True,True,sensitivity_csv:108
small,bier127_gen2_m3,0,k6_l1,True,6,1,5000,5299.0,5393.0,1.7430001854255517,59070.5111322938,65.02351049999993,True,True,sensitivity_csv:109
small,bier127_gen2_m3,1,k6_l1,True,6,1,5000,5140.0,5393.0,4.691266456517708,58720.139673998485,72.60509589999992,True,True,sensitivity_csv:110
small,bier127_gen2_m3,0,off,False,0,1,5000,5136.0,5393.0,4.765436677174114,58874.52327187333,37.571479199999885,True,True,sensitivity_csv:111
small,bier127_gen2_m3,1,off,False,0,1,5000,5156.0,5393.0,4.3945855738920825,58617.719340305455,41.39001589999998,True,True,sensitivity_csv:112
small,bier127_gen3_m3,0,k100_l1,True,100,1,5000,2691.0,2706.0,0.5543237250554324,59062.61357992519,174.89534579999986,True,True,sensitivity_csv:113
small,bier127_gen3_m3,1,k100_l1,True,100,1,5000,2660.0,2706.0,1.6999260901699926,59038.60433546329,194.95933330000003,True,True,sensitivity_csv:114
small,bier127_gen3_m3,0,k100_l3,True,100,3,5000,2669.0,2706.0,1.3673318551367333,59080.41819726855,289.85961539999994,True,True,sensitivity_csv:115
small,bier127_gen3_m3,1,k100_l3,True,100,3,5000,2658.0,2706.0,1.7738359201773837,58635.89199931609,292.46202300000004,True,True,sensitivity_csv:116
small,bier127_gen3_m3,0,k100_l5,True,100,5,5000,2607.0,2706.0,3.658536585365854,58885.60684209057,304.53344930000003,True,True,sensitivity_csv:117
small,bier127_gen3_m3,1,k100_l5,True,100,5,5000,2658.0,2706.0,1.7738359201773837,58634.582872205225,317.23365679999984,True,True,sensitivity_csv:118
small,bier127_gen3_m3,0,k100_linf,True,100,,5000,2669.0,2706.0,1.3673318551367333,59080.41819726855,283.2305265,True,True,sensitivity_csv:119
small,bier127_gen3_m3,1,k100_linf,True,100,,5000,2703.0,2706.0,0.11086474501108648,58981.79923873646,296.0530933,True,True,sensitivity_csv:120
small,bier127_gen3_m3,0,k20_l1,True,20,1,5000,2662.0,2706.0,1.6260162601626016,58873.34769263929,187.7048807000001,True,True,sensitivity_csv:121
small,bier127_gen3_m3,1,k20_l1,True,20,1,5000,2662.0,2706.0,1.6260162601626016,58873.34769263929,179.54411060000007,True,True,sensitivity_csv:122
small,bier127_gen3_m3,0,k6_l1,True,6,1,5000,2667.0,2706.0,1.441241685144124,58993.83388252885,108.45735239999999,True,True,sensitivity_csv:123
small,bier127_gen3_m3,1,k6_l1,True,6,1,5000,2594.0,2706.0,4.138950480413895,58813.96555675805,79.29152350000004,True,True,sensitivity_csv:124
small,bier127_gen3_m3,0,off,False,0,1,5000,2645.0,2706.0,2.254249815225425,58876.600761622074,56.72866380000005,True,True,sensitivity_csv:125
small,bier127_gen3_m3,1,off,False,0,1,5000,2394.0,2706.0,11.529933481152993,58402.33610656081,73.1821273999999,True,True,sensitivity_csv:126
