algorithm,instance,bks,best_reward,mean_reward,best_gap,mean_gap,mean_runtime,mean_iterations,dataset,protocol
off,p4.2.a,206.0,206.0,206.0,0.0,0.0,1.067950349999819,,Chao,fixed
off,p4.2.b,341.0,341.0,341.0,0.0,0.0,1.7892660499996964,,Chao,fixed
off,p4.2.c,452.0,452.0,450.0,0.0,0.4424778761061947,2.4035156749998805,,Chao,fixed
off,p4.2.d,531.0,531.0,525.5,0.0,1.0357815442561205,3.0768802750001214,,Chao,fixed
off,p4.2.e,618.0,602.0,601.0,2.588996763754045,2.750809061488673,4.216785025000263,,Chao,fixed
off,p4.2.f,687.0,678.0,676.75,1.3100436681222707,1.4919941775836973,4.409922099999903,,Chao,fixed
off,p4.2.g,757.0,745.0,736.5,1.5852047556142668,2.7080581241743724,5.483036699999957,,Chao,fixed
off,p4.2.h,835.0,807.0,803.0,3.3532934131736525,3.8323353293413174,6.752527325000074,,Chao,fixed
off,p4.2.i,918.0,892.0,853.75,2.832244008714597,6.998910675381263,6.859093649999977,,Chao,fixed
off,p4.2.j,965.0,916.0,909.5,5.077720207253886,5.751295336787565,7.1806743249994724,,Chao,fixed
off,p4.2.k,1022.0,972.0,958.75,4.892367906066537,6.188845401174168,7.467765525000004,,Chao,fixed
off,p4.2.l,1074.0,1041.0,1036.0,3.0726256983240225,3.538175046554935,7.269138274999932,,Chao,fixed
off,p4.2.m,1132.0,1095.0,1071.0,3.2685512367491167,5.3886925795053005,7.838665849999643,,Chao,fixed
off,p4.2.n,1174.0,1132.0,1114.0,3.577512776831346,5.1107325383304945,8.320604224999897,,Chao,fixed
off,p4.2.o,1218.0,1200.0,1178.0,1.477832512315271,3.284072249589491,7.403011924999873,,Chao,fixed
off,p4.2.p,1242.0,1235.0,1218.75,0.5636070853462157,1.8719806763285025,6.345300524999857,,Chao,fixed
off,p4.2.q,1268.0,1255.0,1250.25,1.025236593059937,1.3998422712933754,6.207374200000231,,Chao,fixed
off,p4.2.r,1292.0,1280.0,1276.75,0.9287925696594427,1.1803405572755419,5.655861474999938,,Chao,fixed
off,p4.2.s,1304.0,1296.0,1294.75,0.6134969325153374,0.7093558282208589,5.584907650000105,,Chao,fixed
off,p4.2.t,1306.0,1306.0,1305.0,0.0,0.07656967840735068,5.218466074999924,,Chao,fixed
off,p4.3.c,193.0,193.0,193.0,0.0,0.0,1.212366524999652,,Chao,fixed
off,p4.3.d,335.0,332.0,332.0,0.8955223880597015,0.8955223880597015,1.8212997749997157,,Chao,fixed
off,p4.3.e,468.0,468.0,466.0,0.0,0.42735042735042733,2.289975974999834,,Chao,fixed
off,p4.3.f,579.0,579.0,573.75,0.0,0.9067357512953368,2.8812764999997853,,Chao,fixed
off,p4.3.g,653.0,645.0,637.75,1.225114854517611,2.335375191424196,3.4585407749996193,,Chao,fixed
off,p4.3.h,729.0,723.0,712.0,0.823045267489712,2.3319615912208507,4.1382096999996065,,Chao,fixed
off,p4.3.i,809.0,799.0,783.75,1.2360939431396787,3.1211372064276883,4.299276424999789,,Chao,fixed
off,p4.3.j,861.0,854.0,840.0,0.8130081300813008,2.4390243902439024,4.993135449999954,,Chao,fixed
off,p4.3.k,919.0,908.0,901.0,1.1969532100108813,1.9586507072905333,5.713636200000565,,Chao,fixed
off,p4.3.l,979.0,968.0,959.75,1.1235955056179776,1.9662921348314606,5.31927772500012,,Chao,fixed
off,p4.3.m,1063.0,1063.0,1009.75,0.0,5.009407337723424,5.324271224999393,,Chao,fixed
off,p4.3.n,1121.0,1083.0,1059.25,3.389830508474576,5.508474576271187,5.563477700000021,,Chao,fixed
off,p4.3.o,1172.0,1137.0,1117.5,2.986348122866894,4.650170648464163,5.679731650000576,,Chao,fixed
off,p4.3.p,1222.0,1202.0,1171.25,1.6366612111292962,4.153027823240589,5.511621399999967,,Chao,fixed
off,p4.3.q,1253.0,1244.0,1223.5,0.7182761372705507,2.3543495610534717,5.526466524999705,,Chao,fixed
off,p4.3.r,1273.0,1263.0,1227.25,0.7855459544383346,3.593872741555381,5.533342999999604,,Chao,fixed
off,p4.3.s,1295.0,1285.0,1255.25,0.7722007722007722,3.0694980694980694,5.111628324999401,,Chao,fixed
off,p4.3.t,1305.0,1299.0,1296.0,0.45977011494252873,0.6896551724137931,4.543906450000122,,Chao,fixed
off,p4.4.e,183.0,183.0,183.0,0.0,0.0,1.3104237249999642,,Chao,fixed
off,p4.4.f,324.0,324.0,320.5,0.0,1.0802469135802468,1.8412493000000723,,Chao,fixed
off,p4.4.g,461.0,461.0,461.0,0.0,0.0,2.3830339750002167,,Chao,fixed
off,p4.4.h,571.0,558.0,552.5,2.276707530647986,3.2399299474605954,2.8974952000003213,,Chao,fixed
off,p4.4.i,657.0,657.0,636.75,0.0,3.0821917808219177,3.4637085749996004,,Chao,fixed
off,p4.4.j,732.0,732.0,718.0,0.0,1.9125683060109289,3.7505346000002646,,Chao,fixed
off,p4.4.k,821.0,820.0,794.5,0.1218026796589525,3.227771010962241,4.0064883249997365,,Chao,fixed
off,p4.4.l,880.0,879.0,852.75,0.11363636363636363,3.096590909090909,4.5142117999998845,,Chao,fixed
off,p4.4.m,919.0,906.0,897.25,1.4145810663764962,2.366702937976061,4.961135524999918,,Chao,fixed
off,p4.4.n,976.0,960.0,944.75,1.639344262295082,3.201844262295082,5.252455325000028,,Chao,fixed
off,p4.4.o,1061.0,1010.0,998.75,4.806786050895382,5.867106503298775,5.217798899999707,,Chao,fixed
off,p4.4.p,1124.0,1081.0,1052.0,3.8256227758007118,6.405693950177936,5.178940349999721,,Chao,fixed
off,p4.4.q,1161.0,1112.0,1097.0,4.220499569336779,5.512489233419466,4.837301349999052,,Chao,fixed
off,p4.4.r,1216.0,1185.0,1166.75,2.549342105263158,4.050164473684211,4.754682875000071,,Chao,fixed
off,p4.4.s,1260.0,1244.0,1226.75,1.2698412698412698,2.638888888888889,4.4602084999996805,,Chao,fixed
off,p4.4.t,1285.0,1267.0,1258.5,1.4007782101167314,2.062256809338521,4.366285000000062,,Chao,fixed
off,p5.2.h,410.0,395.0,395.0,3.658536585365854,3.658536585365854,1.2165428000002976,,Chao,fixed
off,p5.2.j,580.0,580.0,565.0,0.0,2.586206896551724,1.605329675000121,,Chao,fixed
off,p5.2.k,670.0,670.0,668.75,0.0,0.1865671641791045,1.6311464000000342,,Chao,fixed
off,p5.2.l,800.0,800.0,757.5,0.0,5.3125,1.7988509250003517,,Chao,fixed
off,p5.2.m,860.0,860.0,845.0,0.0,1.744186046511628,1.930785524999919,,Chao,fixed
off,p5.2.n,925.0,925.0,912.5,0.0,1.3513513513513513,2.0639335500000016,,Chao,fixed
off,p5.2.o,1020.0,1020.0,992.5,0.0,2.696078431372549,2.175252749999345,,Chao,fixed
off,p5.2.p,1150.0,1090.0,1087.5,5.217391304347826,5.434782608695652,2.206999850000102,,Chao,fixed
off,p5.2.q,1195.0,1195.0,1192.5,0.0,0.20920502092050208,2.247577750000346,,Chao,fixed
off,p5.2.r,1260.0,1260.0,1260.0,0.0,0.0,2.3581307250001373,,Chao,fixed
off,p5.2.s,1340.0,1310.0,1307.5,2.2388059701492535,2.425373134328358,2.435199575000297,,Chao,fixed
off,p5.2.t,1400.0,1400.0,1378.75,0.0,1.5178571428571428,2.4289392249997945,,Chao,fixed
off,p5.2.u,1460.0,1460.0,1450.0,0.0,0.684931506849315,2.4073281250002765,,Chao,fixed
off,p5.2.v,1505.0,1505.0,1501.25,0.0,0.24916943521594684,2.4467261749996396,,Chao,fixed
off,p5.2.w,1565.0,1560.0,1560.0,0.3194888178913738,0.3194888178913738,2.4629505500006417,,Chao,fixed
off,p5.2.x,1610.0,1610.0,1610.0,0.0,0.0,2.4026270999993358,,Chao,fixed
off,p5.2.y,1645.0,1645.0,1642.5,0.0,0.1519756838905775,2.318597750000208,,Chao,fixed
off,p5.2.z,1680.0,1680.0,1680.0,0.0,0.0,2.160995924999952,,Chao,fixed
off,p5.3.k,495.0,495.0,480.0,0.0,3.0303030303030303,1.5400802999997723,,Chao,fixed
off,p5.3.l,595.0,585.0,577.5,1.680672268907563,2.9411764705882355,1.5986912750004194,,Chao,fixed
off,p5.3.n,755.0,755.0,752.5,0.0,0.33112582781456956,1.8697201500008305,,Chao,fixed
off,p5.3.o,870.0,870.0,845.0,0.0,2.8735632183908044,1.9648938000000271,,Chao,fixed
off,p5.3.q,1070.0,1065.0,1065.0,0.4672897196261682,0.4672897196261682,2.041415250000682,,Chao,fixed
off,p5.3.r,1125.0,1125.0,1118.75,0.0,0.5555555555555556,2.1313189499992404,,Chao,fixed
off,p5.3.s,1190.0,1190.0,1186.25,0.0,0.31512605042016806,2.215368849999777,,Chao,fixed
off,p5.3.t,1260.0,1260.0,1255.0,0.0,0.3968253968253968,2.279730799999925,,Chao,fixed
off,p5.3.u,1345.0,1345.0,1337.5,0.0,0.5576208178438662,2.2527436000000307,,Chao,fixed
off,p5.3.v,1425.0,1425.0,1420.0,0.0,0.3508771929824561,2.211400049999611,,Chao,fixed
off,p5.3.w,1485.0,1480.0,1472.5,0.3367003367003367,0.8417508417508418,2.1988490749995435,,Chao,fixed
off,p5.3.x,1555.0,1535.0,1528.75,1.2861736334405145,1.6881028938906752,2.0906300000001465,,Chao,fixed
off,p5.3.y,1595.0,1590.0,1583.75,0.31347962382445144,0.7053291536050157,2.069892150001124,,Chao,fixed
off,p5.3.z,1635.0,1635.0,1627.5,0.0,0.45871559633027525,1.9185691000002407,,Chao,fixed
off,p5.4.m,555.0,555.0,551.25,0.0,0.6756756756756757,1.6791035499995814,,Chao,fixed
off,p5.4.o,690.0,685.0,677.5,0.7246376811594203,1.8115942028985508,1.7470613999998932,,Chao,fixed
off,p5.4.p,765.0,760.0,760.0,0.6535947712418301,0.6535947712418301,1.9433618500002012,,Chao,fixed
off,p5.4.q,860.0,860.0,860.0,0.0,0.0,2.0430790250002246,,Chao,fixed
off,p5.4.r,960.0,960.0,915.0,0.0,4.6875,2.0797243749998415,,Chao,fixed
off,p5.4.s,1030.0,1015.0,1003.75,1.4563106796116505,2.5485436893203883,2.1849748500003443,,Chao,fixed
off,p5.4.t,1160.0,1125.0,1106.25,3.0172413793103448,4.633620689655173,2.2199823000000833,,Chao,fixed
off,p5.4.u,1300.0,1300.0,1300.0,0.0,0.0,2.1054880750002667,,Chao,fixed
off,p5.4.v,1320.0,1320.0,1315.0,0.0,0.3787878787878788,2.1577613750000637,,Chao,fixed
off,p5.4.w,1390.0,1380.0,1380.0,0.7194244604316546,0.7194244604316546,2.155284200000551,,Chao,fixed
off,p5.4.x,1450.0,1430.0,1425.0,1.3793103448275863,1.7241379310344827,2.1725794500007396,,Chao,fixed
off,p5.4.y,1520.0,1520.0,1512.5,0.0,0.4934210526315789,2.025592174999474,,Chao,fixed
off,p5.4.z,1620.0,1620.0,1620.0,0.0,0.0,1.863897624999936,,Chao,fixed
off,p6.2.d,192.0,192.0,192.0,0.0,0.0,0.9969978250005624,,Chao,fixed
off,p6.2.j,948.0,942.0,940.5,0.6329113924050633,0.7911392405063291,2.3052917000009074,,Chao,fixed
off,p6.2.l,1116.0,1116.0,1116.0,0.0,0.0,2.3926815499999066,,Chao,fixed
off,p6.2.m,1188.0,1188.0,1188.0,0.0,0.0,2.338874175000001,,Chao,fixed
off,p6.2.n,1260.0,1260.0,1260.0,0.0,0.0,2.2918615999992653,,Chao,fixed
off,p6.3.g,282.0,282.0,282.0,0.0,0.0,1.1949953250000362,,Chao,fixed
off,p6.3.h,444.0,444.0,444.0,0.0,0.0,1.6533139250000204,,Chao,fixed
off,p6.3.i,642.0,642.0,642.0,0.0,0.0,1.8371732500008875,,Chao,fixed
off,p6.3.k,894.0,894.0,891.0,0.0,0.33557046979865773,1.9451861249999638,,Chao,fixed
off,p6.3.l,1002.0,1002.0,991.5,0.0,1.0479041916167664,2.128369499999735,,Chao,fixed
off,p6.3.m,1080.0,1080.0,1080.0,0.0,0.0,2.1091013500008557,,Chao,fixed
off,p6.3.n,1170.0,1170.0,1162.5,0.0,0.6410256410256411,2.0325401000000056,,Chao,fixed
off,p6.4.j,366.0,366.0,366.0,0.0,0.0,1.3519672500001434,,Chao,fixed
off,p6.4.k,528.0,528.0,526.5,0.0,0.2840909090909091,1.6783778000003622,,Chao,fixed
off,p6.4.l,696.0,696.0,696.0,0.0,0.0,2.0284698500004197,,Chao,fixed
off,p7.2.d,190.0,190.0,190.0,0.0,0.0,1.0718520999998873,,Chao,fixed
off,p7.2.e,290.0,290.0,290.0,0.0,0.0,1.4188996499997302,,Chao,fixed
off,p7.2.f,387.0,387.0,387.0,0.0,0.0,1.9159337750006673,,Chao,fixed
off,p7.2.g,459.0,459.0,456.0,0.0,0.6535947712418301,2.9178521749990978,,Chao,fixed
off,p7.2.h,521.0,521.0,521.0,0.0,0.0,3.3127675000000636,,Chao,fixed
off,p7.2.i,580.0,578.0,578.0,0.3448275862068966,0.3448275862068966,3.6884455750000598,,Chao,fixed
off,p7.2.j,646.0,643.0,636.25,0.46439628482972134,1.5092879256965945,3.6204524999998284,,Chao,fixed
off,p7.2.k,705.0,702.0,683.5,0.425531914893617,3.049645390070922,4.006881599999815,,Chao,fixed
off,p7.2.l,767.0,719.0,711.0,6.258148631029987,7.301173402868318,4.543838450000294,,Chao,fixed
off,p7.2.m,827.0,818.0,786.0,1.0882708585247884,4.957678355501813,4.568667924999772,,Chao,fixed
off,p7.2.n,888.0,864.0,834.25,2.7027027027027026,6.052927927927928,4.9971746249993885,,Chao,fixed
off,p7.2.o,945.0,920.0,880.25,2.6455026455026456,6.851851851851852,6.360422674999427,,Chao,fixed
off,p7.2.p,1002.0,1000.0,968.0,0.1996007984031936,3.3932135728542914,5.713098825000088,,Chao,fixed
off,p7.2.q,1044.0,1043.0,1013.5,0.09578544061302682,2.921455938697318,5.64687025000012,,Chao,fixed
off,p7.2.r,1094.0,1085.0,1056.75,0.8226691042047533,3.4049360146252283,6.057527049999408,,Chao,fixed
off,p7.2.s,1136.0,1084.0,1073.75,4.577464788732394,5.479753521126761,6.544942274999812,,Chao,fixed
off,p7.2.t,1179.0,1166.0,1140.25,1.1026293469041561,3.2866836301950806,6.24942880000026,,Chao,fixed
off,p7.3.h,425.0,425.0,423.0,0.0,0.47058823529411764,2.0276415250000355,,Chao,fixed
off,p7.3.i,487.0,485.0,484.0,0.4106776180698152,0.6160164271047228,2.4587036249999983,,Chao,fixed
off,p7.3.j,564.0,560.0,560.0,0.7092198581560284,0.7092198581560284,2.8377373749999606,,Chao,fixed
off,p7.3.k,633.0,632.0,620.25,0.1579778830963665,2.014218009478673,3.3021275500004776,,Chao,fixed
off,p7.3.l,684.0,683.0,682.0,0.14619883040935672,0.29239766081871343,3.5002704749995246,,Chao,fixed
off,p7.3.m,762.0,762.0,760.0,0.0,0.26246719160104987,3.5179145999995853,,Chao,fixed
off,p7.3.n,820.0,798.0,794.5,2.682926829268293,3.1097560975609757,3.850837075000527,,Chao,fixed
off,p7.3.o,874.0,874.0,862.25,0.0,1.3443935926773456,4.035663349999595,,Chao,fixed
off,p7.3.p,929.0,903.0,898.75,2.798708288482239,3.256189451022605,4.4284092750003765,,Chao,fixed
off,p7.3.q,987.0,987.0,949.75,0.0,3.774062816616008,4.539152175000254,,Chao,fixed
off,p7.3.r,1026.0,1013.0,975.0,1.267056530214425,4.970760233918129,4.803444524999577,,Chao,fixed
off,p7.3.s,1081.0,1063.0,1060.0,1.6651248843663276,1.942645698427382,4.896906599999511,,Chao,fixed
off,p7.3.t,1120.0,1110.0,1068.25,0.8928571428571429,4.620535714285714,5.260878049999974,,Chao,fixed
off,p7.4.g,217.0,217.0,217.0,0.0,0.0,1.3829038249996302,,Chao,fixed
off,p7.4.h,285.0,285.0,285.0,0.0,0.0,1.6484731749992534,,Chao,fixed
off,p7.4.i,366.0,366.0,362.5,0.0,0.9562841530054644,1.8452566250002747,,Chao,fixed
off,p7.4.k,520.0,518.0,517.5,0.38461538461538464,0.4807692307692308,2.621589374999985,,Chao,fixed
off,p7.4.l,590.0,578.0,576.0,2.0338983050847457,2.3728813559322033,2.8563575500006664,,Chao,fixed
off,p7.4.m,646.0,646.0,641.0,0.0,0.7739938080495357,3.2541821750000963,,Chao,fixed
off,p7.4.n,730.0,726.0,718.75,0.547945205479452,1.5410958904109588,3.488662900000236,,Chao,fixed
off,p7.4.o,781.0,779.0,768.0,0.2560819462227913,1.6645326504481435,3.63631469999973,,Chao,fixed
off,p7.4.p,846.0,838.0,828.75,0.9456264775413712,2.0390070921985815,3.6942816999999195,,Chao,fixed
off,p7.4.q,909.0,903.0,900.0,0.6600660066006601,0.9900990099009901,3.9182327499997887,,Chao,fixed
off,p7.4.r,970.0,967.0,964.75,0.30927835051546393,0.5412371134020618,4.272576475000278,,Chao,fixed
off,p7.4.s,1022.0,1022.0,1019.0,0.0,0.29354207436399216,4.235126074999698,,Chao,fixed
off,p7.4.t,1077.0,1077.0,1063.5,0.0,1.2534818941504178,4.365680650000286,,Chao,fixed
on,p4.2.a,206.0,206.0,206.0,0.0,0.0,2.09690492499999,,Chao,fixed
on,p4.2.b,341.0,341.0,341.0,0.0,0.0,3.48707622500001,,Chao,fixed
on,p4.2.c,452.0,452.0,452.0,0.0,0.0,4.77421177500014,,Chao,fixed
on,p4.2.d,531.0,529.0,527.5,0.3766478342749529,0.6591337099811676,6.292604850000089,,Chao,fixed
on,p4.2.e,618.0,602.0,598.5,2.588996763754045,3.1553398058252426,7.438603824999973,,Chao,fixed
on,p4.2.f,687.0,678.0,675.75,1.3100436681222707,1.6375545851528384,8.789560700000038,,Chao,fixed
on,p4.2.g,757.0,747.0,745.5,1.321003963011889,1.5191545574636725,10.080847449999965,,Chao,fixed
on,p4.2.h,835.0,814.0,803.75,2.5149700598802394,3.7425149700598803,12.110244799999919,,Chao,fixed
on,p4.2.i,918.0,895.0,875.5,2.505446623093682,4.62962962962963,12.539814824999894,,Chao,fixed
on,p4.2.j,965.0,952.0,940.75,1.3471502590673574,2.5129533678756477,11.574825825000062,,Chao,fixed
on,p4.2.k,1022.0,994.0,980.0,2.73972602739726,4.109589041095891,12.205864174999988,,Chao,fixed
on,p4.2.l,1074.0,1065.0,1054.25,0.8379888268156425,1.8389199255121043,12.181557350000048,,Chao,fixed
on,p4.2.m,1132.0,1103.0,1101.0,2.5618374558303887,2.7385159010600706,12.442858424999713,,Chao,fixed
on,p4.2.n,1174.0,1170.0,1165.25,0.34071550255536626,0.7453151618398637,11.478437850000546,,Chao,fixed
on,p4.2.o,1218.0,1207.0,1198.5,0.90311986863711,1.6009852216748768,12.127632750000203,,Chao,fixed
on,p4.2.p,1242.0,1237.0,1231.0,0.4025764895330113,0.8856682769726248,10.97855225000012,,Chao,fixed
on,p4.2.q,1268.0,1261.0,1256.5,0.5520504731861199,0.9069400630914827,9.957844875000092,,Chao,fixed
on,p4.2.r,1292.0,1284.0,1280.5,0.6191950464396285,0.8900928792569659,9.02643665000005,,Chao,fixed
on,p4.2.s,1304.0,1298.0,1296.25,0.4601226993865031,0.5943251533742331,7.750026475000368,,Chao,fixed
on,p4.2.t,1306.0,1306.0,1302.5,0.0,0.2679938744257274,7.1081534000009015,,Chao,fixed
on,p4.3.c,193.0,193.0,193.0,0.0,0.0,2.0727383750004265,,Chao,fixed
on,p4.3.d,335.0,335.0,334.25,0.0,0.22388059701492538,3.224414650000199,,Chao,fixed
on,p4.3.e,468.0,468.0,461.25,0.0,1.4423076923076923,4.653492950000327,,Chao,fixed
on,p4.3.f,579.0,579.0,565.25,0.0,2.3747841105354057,5.310437875000844,,Chao,fixed
on,p4.3.g,653.0,653.0,648.25,0.0,0.7274119448698315,6.209602974999143,,Chao,fixed
on,p4.3.h,729.0,725.0,721.0,0.5486968449931413,1.0973936899862826,7.29379172499921,,Chao,fixed
on,p4.3.i,809.0,809.0,809.0,0.0,0.0,8.776482175000183,,Chao,fixed
on,p4.3.j,861.0,857.0,855.25,0.4645760743321719,0.667828106852497,9.858064049999939,,Chao,fixed
on,p4.3.k,919.0,915.0,910.75,0.4352557127312296,0.8977149075081611,10.00703465000015,,Chao,fixed
on,p4.3.l,979.0,979.0,970.0,0.0,0.9193054136874361,9.492194874999313,,Chao,fixed
on,p4.3.m,1063.0,1063.0,1051.75,0.0,1.0583254938852305,9.458147900000313,,Chao,fixed
on,p4.3.n,1121.0,1109.0,1092.5,1.0704727921498662,2.542372881355932,9.54739010000003,,Chao,fixed
on,p4.3.o,1172.0,1170.0,1157.25,0.17064846416382254,1.2585324232081911,9.600253350000457,,Chao,fixed
on,p4.3.p,1222.0,1222.0,1190.0,0.0,2.618657937806874,9.074289999999564,,Chao,fixed
on,p4.3.q,1253.0,1226.0,1212.0,2.154828411811652,3.272146847565842,9.11141975000055,,Chao,fixed
on,p4.3.r,1273.0,1272.0,1268.0,0.07855459544383346,0.3927729772191673,7.666611625000314,,Chao,fixed
on,p4.3.s,1295.0,1292.0,1284.75,0.23166023166023167,0.7915057915057915,7.327271674999793,,Chao,fixed
on,p4.3.t,1305.0,1298.0,1293.5,0.5363984674329502,0.8812260536398467,6.438867599999412,,Chao,fixed
on,p4.4.e,183.0,183.0,183.0,0.0,0.0,1.9683307000000239,,Chao,fixed
on,p4.4.f,324.0,324.0,322.75,0.0,0.38580246913580246,3.190492099999574,,Chao,fixed
on,p4.4.g,461.0,461.0,461.0,0.0,0.0,4.28755612499981,,Chao,fixed
on,p4.4.h,571.0,571.0,557.25,0.0,2.408056042031524,5.165406449999409,,Chao,fixed
on,p4.4.i,657.0,657.0,648.75,0.0,1.2557077625570776,5.946116475000508,,Chao,fixed
on,p4.4.j,732.0,732.0,726.75,0.0,0.7172131147540983,6.796319374999712,,Chao,fixed
on,p4.4.k,821.0,820.0,819.5,0.1218026796589525,0.18270401948842874,8.15633514999945,,Chao,fixed
on,p4.4.l,880.0,879.0,867.25,0.11363636363636363,1.4488636363636365,8.395748049999838,,Chao,fixed
on,p4.4.m,919.0,916.0,910.5,0.3264417845484222,0.9249183895538629,9.052383624999493,,Chao,fixed
on,p4.4.n,976.0,971.0,959.25,0.5122950819672131,1.716188524590164,9.472798925000006,,Chao,fixed
on,p4.4.o,1061.0,1061.0,1027.25,0.0,3.180961357210179,8.759460175000186,,Chao,fixed
on,p4.4.p,1124.0,1110.0,1084.75,1.2455516014234875,3.4919928825622777,9.107960350000212,,Chao,fixed
on,p4.4.q,1161.0,1158.0,1145.75,0.25839793281653745,1.313522825150732,8.05738297500011,,Chao,fixed
on,p4.4.r,1216.0,1201.0,1192.0,1.2335526315789473,1.9736842105263157,7.936711199999536,,Chao,fixed
on,p4.4.s,1260.0,1255.0,1234.75,0.3968253968253968,2.003968253968254,7.267381775000558,,Chao,fixed
on,p4.4.t,1285.0,1280.0,1266.5,0.38910505836575876,1.4396887159533074,6.894636874999833,,Chao,fixed
on,p5.2.h,410.0,395.0,391.25,3.658536585365854,4.573170731707317,2.5047752749997017,,Chao,fixed
on,p5.2.j,580.0,580.0,580.0,0.0,0.0,2.6727737749997686,,Chao,fixed
on,p5.2.k,670.0,670.0,670.0,0.0,0.0,3.485266225000487,,Chao,fixed
on,p5.2.l,800.0,800.0,792.5,0.0,0.9375,3.2870740499997737,,Chao,fixed
on,p5.2.m,860.0,860.0,857.5,0.0,0.29069767441860467,4.330206825000005,,Chao,fixed
on,p5.2.n,925.0,925.0,921.25,0.0,0.40540540540540543,4.147918699999536,,Chao,fixed
on,p5.2.o,1020.0,1020.0,1015.0,0.0,0.49019607843137253,4.055512049999834,,Chao,fixed
on,p5.2.p,1150.0,1150.0,1105.0,0.0,3.9130434782608696,4.571272224999575,,Chao,fixed
on,p5.2.q,1195.0,1195.0,1188.75,0.0,0.5230125523012552,4.418994250000196,,Chao,fixed
on,p5.2.r,1260.0,1260.0,1260.0,0.0,0.0,4.87192237499994,,Chao,fixed
on,p5.2.s,1340.0,1315.0,1310.0,1.8656716417910448,2.2388059701492535,4.718533475000186,,Chao,fixed
on,p5.2.t,1400.0,1400.0,1400.0,0.0,0.0,4.595996725000077,,Chao,fixed
on,p5.2.u,1460.0,1460.0,1458.75,0.0,0.08561643835616438,4.712462625000171,,Chao,fixed
on,p5.2.v,1505.0,1505.0,1502.5,0.0,0.16611295681063123,4.337932524999815,,Chao,fixed
on,p5.2.w,1565.0,1560.0,1560.0,0.3194888178913738,0.3194888178913738,4.114311649999763,,Chao,fixed
on,p5.2.x,1610.0,1610.0,1610.0,0.0,0.0,3.4747546999992664,,Chao,fixed
on,p5.2.y,1645.0,1645.0,1643.75,0.0,0.07598784194528875,3.2344877250002355,,Chao,fixed
on,p5.2.z,1680.0,1680.0,1680.0,0.0,0.0,2.5367986249998467,,Chao,fixed
on,p5.3.k,495.0,495.0,490.0,0.0,1.0101010101010102,2.763983450000069,,Chao,fixed
on,p5.3.l,595.0,595.0,587.5,0.0,1.2605042016806722,2.844513474999985,,Chao,fixed
on,p5.3.n,755.0,755.0,755.0,0.0,0.0,3.4665860499999326,,Chao,fixed
on,p5.3.o,870.0,870.0,860.0,0.0,1.1494252873563218,3.565351675000329,,Chao,fixed
on,p5.3.q,1070.0,1070.0,1066.25,0.0,0.35046728971962615,4.059889250000197,,Chao,fixed
on,p5.3.r,1125.0,1125.0,1125.0,0.0,0.0,3.9448293249997732,,Chao,fixed
on,p5.3.s,1190.0,1185.0,1185.0,0.42016806722689076,0.42016806722689076,4.45866100000012,,Chao,fixed
on,p5.3.t,1260.0,1260.0,1255.0,0.0,0.3968253968253968,4.4674831249994895,,Chao,fixed
on,p5.3.u,1345.0,1345.0,1345.0,0.0,0.0,4.153086850000818,,Chao,fixed
on,p5.3.v,1425.0,1425.0,1423.75,0.0,0.08771929824561403,3.92622317499945,,Chao,fixed
on,p5.3.w,1485.0,1480.0,1472.5,0.3367003367003367,0.8417508417508418,3.7727935000002617,,Chao,fixed
on,p5.3.x,1555.0,1555.0,1543.75,0.0,0.7234726688102894,3.480222550000235,,Chao,fixed
on,p5.3.y,1595.0,1590.0,1587.5,0.31347962382445144,0.4702194357366771,3.2831944999998086,,Chao,fixed
on,p5.3.z,1635.0,1635.0,1627.5,0.0,0.45871559633027525,2.795735500000319,,Chao,fixed
on,p5.4.m,555.0,555.0,551.25,0.0,0.6756756756756757,2.9150769500001843,,Chao,fixed
on,p5.4.o,690.0,690.0,681.25,0.0,1.2681159420289856,3.3340727249997144,,Chao,fixed
on,p5.4.p,765.0,760.0,760.0,0.6535947712418301,0.6535947712418301,3.456452624999656,,Chao,fixed
on,p5.4.q,860.0,860.0,860.0,0.0,0.0,3.8274657750002916,,Chao,fixed
on,p5.4.r,960.0,960.0,921.25,0.0,4.036458333333333,3.9741265000002386,,Chao,fixed
on,p5.4.s,1030.0,1020.0,1007.5,0.970873786407767,2.1844660194174756,4.035515250000117,,Chao,fixed
on,p5.4.t,1160.0,1160.0,1127.5,0.0,2.8017241379310347,4.042686750000485,,Chao,fixed
on,p5.4.u,1300.0,1300.0,1300.0,0.0,0.0,3.711924900000213,,Chao,fixed
on,p5.4.v,1320.0,1320.0,1320.0,0.0,0.0,3.5700283500000296,,Chao,fixed
on,p5.4.w,1390.0,1385.0,1381.25,0.3597122302158273,0.6294964028776978,3.8709747749999224,,Chao,fixed
on,p5.4.x,1450.0,1450.0,1440.0,0.0,0.6896551724137931,3.6577532249998512,,Chao,fixed
on,p5.4.y,1520.0,1520.0,1520.0,0.0,0.0,3.121943425000154,,Chao,fixed
on,p5.4.z,1620.0,1620.0,1620.0,0.0,0.0,2.5860553499996968,,Chao,fixed
on,p6.2.d,192.0,192.0,192.0,0.0,0.0,2.159697099999903,,Chao,fixed
on,p6.2.j,948.0,948.0,943.5,0.0,0.47468354430379744,4.075300524999875,,Chao,fixed
on,p6.2.l,1116.0,1116.0,1116.0,0.0,0.0,4.253416824999931,,Chao,fixed
on,p6.2.m,1188.0,1188.0,1188.0,0.0,0.0,3.923616524999943,,Chao,fixed
on,p6.2.n,1260.0,1260.0,1260.0,0.0,0.0,3.6132943750008053,,Chao,fixed
on,p6.3.g,282.0,282.0,282.0,0.0,0.0,2.5061509500001193,,Chao,fixed
on,p6.3.h,444.0,444.0,444.0,0.0,0.0,3.609835825000573,,Chao,fixed
on,p6.3.i,642.0,642.0,642.0,0.0,0.0,3.8856020749999516,,Chao,fixed
on,p6.3.k,894.0,894.0,889.5,0.0,0.5033557046979866,3.726914500000021,,Chao,fixed
on,p6.3.l,1002.0,1002.0,1002.0,0.0,0.0,3.7523309249991144,,Chao,fixed
on,p6.3.m,1080.0,1080.0,1080.0,0.0,0.0,3.9035824749998933,,Chao,fixed
on,p6.3.n,1170.0,1170.0,1170.0,0.0,0.0,3.487434950000079,,Chao,fixed
on,p6.4.j,366.0,366.0,366.0,0.0,0.0,2.6613815750006324,,Chao,fixed
on,p6.4.k,528.0,528.0,528.0,0.0,0.0,3.4565733000004,,Chao,fixed
on,p6.4.l,696.0,696.0,696.0,0.0,0.0,4.096919024999806,,Chao,fixed
on,p7.2.d,190.0,190.0,190.0,0.0,0.0,1.9407258000001093,,Chao,fixed
on,p7.2.e,290.0,290.0,290.0,0.0,0.0,2.4477318999997806,,Chao,fixed
on,p7.2.f,387.0,387.0,387.0,0.0,0.0,3.5698633250003695,,Chao,fixed
on,p7.2.g,459.0,459.0,459.0,0.0,0.0,5.193349575000411,,Chao,fixed
on,p7.2.h,521.0,521.0,521.0,0.0,0.0,5.941513924999981,,Chao,fixed
on,p7.2.i,580.0,579.0,578.75,0.1724137931034483,0.21551724137931033,6.343717100000049,,Chao,fixed
on,p7.2.j,646.0,646.0,644.0,0.0,0.30959752321981426,6.691466100000525,,Chao,fixed
on,p7.2.k,705.0,705.0,703.75,0.0,0.1773049645390071,7.009295225000187,,Chao,fixed
on,p7.2.l,767.0,767.0,763.0,0.0,0.5215123859191656,7.5824498500005575,,Chao,fixed
on,p7.2.m,827.0,827.0,800.5,0.0,3.204353083434099,8.282400724999206,,Chao,fixed
on,p7.2.n,888.0,888.0,888.0,0.0,0.0,8.72089752500051,,Chao,fixed
on,p7.2.o,945.0,945.0,937.5,0.0,0.7936507936507936,9.018516125000133,,Chao,fixed
on,p7.2.p,1002.0,1002.0,986.0,0.0,1.596806387225549,9.662090475000241,,Chao,fixed
on,p7.2.q,1044.0,1023.0,1021.5,2.0114942528735633,2.1551724137931036,10.50594052500037,,Chao,fixed
on,p7.2.r,1094.0,1085.0,1050.75,0.8226691042047533,3.953382084095064,10.3198067000003,,Chao,fixed
on,p7.2.s,1136.0,1136.0,1108.0,0.0,2.464788732394366,10.608844649999355,,Chao,fixed
on,p7.2.t,1179.0,1156.0,1132.25,1.9508057675996606,3.965224766751484,10.843478000000232,,Chao,fixed
on,p7.3.h,425.0,425.0,425.0,0.0,0.0,3.6370327750000797,,Chao,fixed
on,p7.3.i,487.0,487.0,486.0,0.0,0.2053388090349076,4.341944450000483,,Chao,fixed
on,p7.3.j,564.0,560.0,560.0,0.7092198581560284,0.7092198581560284,4.910080750000816,,Chao,fixed
on,p7.3.k,633.0,633.0,631.25,0.0,0.2764612954186414,6.26389805000008,,Chao,fixed
on,p7.3.l,684.0,684.0,683.0,0.0,0.14619883040935672,6.489253450000433,,Chao,fixed
on,p7.3.m,762.0,762.0,762.0,0.0,0.0,6.316391799999565,,Chao,fixed
on,p7.3.n,820.0,804.0,801.25,1.951219512195122,2.2865853658536586,6.954018099999757,,Chao,fixed
on,p7.3.o,874.0,859.0,859.0,1.7162471395881007,1.7162471395881007,7.014665999999579,,Chao,fixed
on,p7.3.p,929.0,922.0,919.25,0.7534983853606028,1.0495156081808397,7.389539050000167,,Chao,fixed
on,p7.3.q,987.0,971.0,971.0,1.6210739614994933,1.6210739614994933,7.743643349999729,,Chao,fixed
on,p7.3.r,1026.0,1023.0,1018.25,0.29239766081871343,0.7553606237816765,8.269940325000334,,Chao,fixed
on,p7.3.s,1081.0,1079.0,1051.25,0.18501387604070305,2.7520814061054577,8.896971825000492,,Chao,fixed
on,p7.3.t,1120.0,1118.0,1099.75,0.17857142857142858,1.8080357142857142,9.199892474999615,,Chao,fixed
on,p7.4.g,217.0,217.0,217.0,0.0,0.0,2.2304022999992412,,Chao,fixed
on,p7.4.h,285.0,285.0,285.0,0.0,0.0,2.711994350000168,,Chao,fixed
on,p7.4.i,366.0,366.0,366.0,0.0,0.0,3.1855116500000804,,Chao,fixed
on,p7.4.k,520.0,518.0,518.0,0.38461538461538464,0.38461538461538464,4.843515449999359,,Chao,fixed
on,p7.4.l,590.0,577.0,577.0,2.2033898305084745,2.2033898305084745,5.106824675000098,,Chao,fixed
on,p7.4.m,646.0,646.0,646.0,0.0,0.0,5.672325449999789,,Chao,fixed
on,p7.4.n,730.0,726.0,726.0,0.547945205479452,0.547945205479452,6.741882575000091,,Chao,fixed
on,p7.4.o,781.0,781.0,781.0,0.0,0.0,6.809454424999785,,Chao,fixed
on,p7.4.p,846.0,846.0,841.75,0.0,0.5023640661938534,7.157711650000692,,Chao,fixed
on,p7.4.q,909.0,909.0,905.25,0.0,0.41254125412541254,7.599131425000451,,Chao,fixed
on,p7.4.r,970.0,970.0,968.5,0.0,0.15463917525773196,7.4638690249998945,,Chao,fixed
on,p7.4.s,1022.0,1022.0,1022.0,0.0,0.0,7.606512374999056,,Chao,fixed
on,p7.4.t,1077.0,1077.0,1077.0,0.0,0.0,7.737363849999383,,Chao,fixed
grasp,p4.2.a,206.0,206.0,203.0,0.0,1.4563106796116505,0.29570912499912083,,Chao,fixed
grasp,p4.2.b,341.0,323.0,320.75,5.278592375366569,5.93841642228739,0.3400550750002367,,Chao,fixed
grasp,p4.2.c,452.0,432.0,413.75,4.424778761061947,8.462389380530974,0.383045824999499,,Chao,fixed
grasp,p4.2.d,531.0,491.0,483.5,7.532956685499058,8.945386064030131,0.44115777499973774,,Chao,fixed
grasp,p4.2.e,618.0,560.0,551.25,9.385113268608414,10.800970873786408,0.48929767500021626,,Chao,fixed
grasp,p4.2.f,687.0,627.0,619.25,8.733624454148472,9.861717612809317,0.5694405750000442,,Chao,fixed
grasp,p4.2.g,757.0,680.0,677.0,10.171730515191545,10.568031704095112,0.6082182499994815,,Chao,fixed
grasp,p4.2.h,835.0,728.0,721.25,12.81437125748503,13.622754491017965,0.6645034499997564,,Chao,fixed
grasp,p4.2.i,918.0,782.0,774.0,14.814814814814815,15.686274509803921,0.7249148749992855,,Chao,fixed
grasp,p4.2.j,965.0,857.0,839.25,11.191709844559586,13.031088082901555,0.7885038250005891,,Chao,fixed
grasp,p4.2.k,1022.0,912.0,889.5,10.76320939334638,12.96477495107632,0.8145928999997523,,Chao,fixed
grasp,p4.2.l,1074.0,961.0,934.25,10.521415270018622,13.012104283054004,0.887858149999829,,Chao,fixed
grasp,p4.2.m,1132.0,1013.0,992.25,10.512367491166078,12.345406360424029,0.9340515249996315,,Chao,fixed
grasp,p4.2.n,1174.0,1045.0,1035.25,10.988074957410563,11.818568994889267,0.9835346999998364,,Chao,fixed
grasp,p4.2.o,1218.0,1076.0,1067.0,11.658456486042693,12.397372742200329,1.0303419250003572,,Chao,fixed
grasp,p4.2.p,1242.0,1140.0,1125.75,8.21256038647343,9.359903381642512,1.0876664749998781,,Chao,fixed
grasp,p4.2.q,1268.0,1169.0,1162.75,7.807570977917981,8.300473186119874,1.1207090750003772,,Chao,fixed
grasp,p4.2.r,1292.0,1199.0,1182.5,7.198142414860681,8.475232198142415,1.1715510499993798,,Chao,fixed
grasp,p4.2.s,1304.0,1254.0,1229.5,3.834355828220859,5.71319018404908,1.1996882250000453,,Chao,fixed
grasp,p4.2.t,1306.0,1276.0,1254.5,2.2970903522205206,3.9433384379785603,1.2221280750000005,,Chao,fixed
grasp,p4.3.c,193.0,193.0,192.0,0.0,0.5181347150259067,0.3212849999999889,,Chao,fixed
grasp,p4.3.d,335.0,324.0,318.5,3.283582089552239,4.925373134328358,0.37666684999976496,,Chao,fixed
grasp,p4.3.e,468.0,441.0,429.5,5.769230769230769,8.226495726495726,0.41812742500042077,,Chao,fixed
grasp,p4.3.f,579.0,513.0,506.5,11.398963730569948,12.521588946459413,0.45874430000003485,,Chao,fixed
grasp,p4.3.g,653.0,599.0,591.75,8.269525267993874,9.379785604900459,0.5076235999995333,,Chao,fixed
grasp,p4.3.h,729.0,655.0,642.5,10.150891632373114,11.86556927297668,0.568104174999462,,Chao,fixed
grasp,p4.3.i,809.0,736.0,705.5,9.023485784919654,12.793572311495673,0.5996824999997443,,Chao,fixed
grasp,p4.3.j,861.0,773.0,765.5,10.220673635307781,11.091753774680605,0.6428909749997729,,Chao,fixed
grasp,p4.3.k,919.0,873.0,838.0,5.00544069640914,8.8139281828074,0.6871282499996596,,Chao,fixed
grasp,p4.3.l,979.0,873.0,855.5,10.827374872318693,12.61491317671093,0.7390144499995586,,Chao,fixed
grasp,p4.3.m,1063.0,951.0,938.75,10.536218250235184,11.688617121354657,0.792268175001027,,Chao,fixed
grasp,p4.3.n,1121.0,1024.0,1004.5,8.652988403211419,10.392506690454951,0.8405670500005726,,Chao,fixed
grasp,p4.3.o,1172.0,1047.0,1008.75,10.665529010238908,13.929180887372013,0.8741897750001044,,Chao,fixed
grasp,p4.3.p,1222.0,1145.0,1063.25,6.301145662847791,12.99099836333879,0.9260259999996379,,Chao,fixed
grasp,p4.3.q,1253.0,1092.0,1082.5,12.849162011173185,13.607342378292099,0.9735425000003488,,Chao,fixed
grasp,p4.3.r,1273.0,1170.0,1146.75,8.091123330714847,9.917517674783975,1.0217155000000275,,Chao,fixed
grasp,p4.3.s,1295.0,1208.0,1188.5,6.718146718146718,8.223938223938225,1.0653103499998906,,Chao,fixed
grasp,p4.3.t,1305.0,1221.0,1204.25,6.436781609195402,7.7203065134099615,1.1436541500002022,,Chao,fixed
grasp,p4.4.e,183.0,183.0,182.75,0.0,0.1366120218579235,0.3996239749999404,,Chao,fixed
grasp,p4.4.f,324.0,308.0,306.5,4.938271604938271,5.401234567901234,0.4313829250004346,,Chao,fixed
grasp,p4.4.g,461.0,436.0,436.0,5.422993492407809,5.422993492407809,0.45440617500025837,,Chao,fixed
grasp,p4.4.h,571.0,522.0,506.25,8.581436077057793,11.339754816112084,0.4935764000006202,,Chao,fixed
grasp,p4.4.i,657.0,596.0,592.25,9.284627092846272,9.855403348554033,0.5324622499992984,,Chao,fixed
grasp,p4.4.j,732.0,664.0,657.25,9.289617486338798,10.21174863387978,0.5759147499998107,,Chao,fixed
grasp,p4.4.k,821.0,736.0,720.0,10.353227771010962,12.302070645554203,0.6103936749996137,,Chao,fixed
grasp,p4.4.l,880.0,771.0,767.75,12.386363636363637,12.755681818181818,0.6568503000003147,,Chao,fixed
grasp,p4.4.m,919.0,847.0,826.25,7.834602829162133,10.092491838955386,0.7018373750006504,,Chao,fixed
grasp,p4.4.n,976.0,888.0,873.75,9.01639344262295,10.476434426229508,0.7347921499999757,,Chao,fixed
grasp,p4.4.o,1061.0,917.0,906.0,13.572101790763432,14.608859566446748,0.7735817749999114,,Chao,fixed
grasp,p4.4.p,1124.0,976.0,963.0,13.167259786476869,14.323843416370106,0.7991081999994094,,Chao,fixed
grasp,p4.4.q,1161.0,1025.0,1006.0,11.714039621016365,13.350559862187769,0.8485716250002042,,Chao,fixed
grasp,p4.4.r,1216.0,1103.0,1086.0,9.292763157894736,10.69078947368421,0.8778667999999925,,Chao,fixed
grasp,p4.4.s,1260.0,1136.0,1127.5,9.841269841269842,10.515873015873016,0.9037507000002734,,Chao,fixed
grasp,p4.4.t,1285.0,1191.0,1170.25,7.315175097276264,8.929961089494164,0.9260915499999101,,Chao,fixed
grasp,p5.2.h,410.0,390.0,390.0,4.878048780487805,4.878048780487805,0.2942845249999664,,Chao,fixed
grasp,p5.2.j,580.0,560.0,560.0,3.4482758620689653,3.4482758620689653,0.3503482000005533,,Chao,fixed
grasp,p5.2.k,670.0,630.0,630.0,5.970149253731344,5.970149253731344,0.37232767499972397,,Chao,fixed
grasp,p5.2.l,800.0,710.0,702.5,11.25,12.1875,0.39953789999935907,,Chao,fixed
grasp,p5.2.m,860.0,820.0,820.0,4.651162790697675,4.651162790697675,0.43604177499946667,,Chao,fixed
grasp,p5.2.n,925.0,860.0,857.5,7.027027027027027,7.297297297297297,0.4373479249998127,,Chao,fixed
grasp,p5.2.o,1020.0,940.0,940.0,7.8431372549019605,7.8431372549019605,0.4616445000001477,,Chao,fixed
grasp,p5.2.p,1150.0,1010.0,1010.0,12.173913043478262,12.173913043478262,0.48076590000027863,,Chao,fixed
grasp,p5.2.q,1195.0,1085.0,1080.0,9.205020920502092,9.623430962343097,0.5015554499996142,,Chao,fixed
grasp,p5.2.r,1260.0,1200.0,1197.5,4.761904761904762,4.9603174603174605,0.5149097999997139,,Chao,fixed
grasp,p5.2.s,1340.0,1270.0,1270.0,5.223880597014926,5.223880597014926,0.5319279250002182,,Chao,fixed
grasp,p5.2.t,1400.0,1330.0,1322.5,5.0,5.535714285714286,0.5415873749998354,,Chao,fixed
grasp,p5.2.u,1460.0,1440.0,1440.0,1.36986301369863,1.36986301369863,0.5503689499996653,,Chao,fixed
grasp,p5.2.v,1505.0,1475.0,1473.75,1.9933554817275747,2.0764119601328903,0.5562513499990018,,Chao,fixed
grasp,p5.2.w,1565.0,1560.0,1560.0,0.3194888178913738,0.3194888178913738,0.5569341249997706,,Chao,fixed
grasp,p5.2.x,1610.0,1590.0,1590.0,1.2422360248447204,1.2422360248447204,0.572085799999968,,Chao,fixed
grasp,p5.2.y,1645.0,1635.0,1631.25,0.60790273556231,0.8358662613981763,0.5501677750003182,,Chao,fixed
grasp,p5.2.z,1680.0,1680.0,1668.75,0.0,0.6696428571428571,0.5510061250001854,,Chao,fixed
grasp,p5.3.k,495.0,480.0,473.75,3.0303030303030303,4.292929292929293,0.35400832499999524,,Chao,fixed
grasp,p5.3.l,595.0,575.0,575.0,3.361344537815126,3.361344537815126,0.38477167499968346,,Chao,fixed
grasp,p5.3.n,755.0,755.0,755.0,0.0,0.0,0.46482854999976553,,Chao,fixed
grasp,p5.3.o,870.0,830.0,830.0,4.597701149425287,4.597701149425287,0.4361337000000276,,Chao,fixed
grasp,p5.3.q,1070.0,995.0,995.0,7.009345794392523,7.009345794392523,0.4887792250001439,,Chao,fixed
grasp,p5.3.r,1125.0,1040.0,1032.5,7.555555555555555,8.222222222222221,0.4850175499996112,,Chao,fixed
grasp,p5.3.s,1190.0,1145.0,1135.0,3.7815126050420167,4.621848739495798,0.49405199999955585,,Chao,fixed
grasp,p5.3.t,1260.0,1220.0,1220.0,3.1746031746031744,3.1746031746031744,0.5046004999999241,,Chao,fixed
grasp,p5.3.u,1345.0,1290.0,1287.5,4.089219330855019,4.275092936802974,0.5253092249995461,,Chao,fixed
grasp,p5.3.v,1425.0,1400.0,1400.0,1.7543859649122806,1.7543859649122806,0.5170893000004071,,Chao,fixed
grasp,p5.3.w,1485.0,1420.0,1415.0,4.377104377104377,4.713804713804714,0.5243430750001608,,Chao,fixed
grasp,p5.3.x,1555.0,1505.0,1505.0,3.215434083601286,3.215434083601286,0.5215302499996142,,Chao,fixed
grasp,p5.3.y,1595.0,1590.0,1590.0,0.31347962382445144,0.31347962382445144,0.5191447500001232,,Chao,fixed
grasp,p5.3.z,1635.0,1635.0,1623.75,0.0,0.6880733944954128,0.5192610250001053,,Chao,fixed
grasp,p5.4.m,555.0,550.0,550.0,0.9009009009009009,0.9009009009009009,0.39828215000034106,,Chao,fixed
grasp,p5.4.o,690.0,660.0,648.75,4.3478260869565215,5.978260869565218,0.43183042500004376,,Chao,fixed
grasp,p5.4.p,765.0,760.0,760.0,0.6535947712418301,0.6535947712418301,0.4522636500005319,,Chao,fixed
grasp,p5.4.q,860.0,860.0,860.0,0.0,0.0,0.4699257999996007,,Chao,fixed
grasp,p5.4.r,960.0,880.0,880.0,8.333333333333334,8.333333333333334,0.48242507499981,,Chao,fixed
grasp,p5.4.s,1030.0,1000.0,1000.0,2.912621359223301,2.912621359223301,0.5048385250001957,,Chao,fixed
grasp,p5.4.t,1160.0,1100.0,1100.0,5.172413793103448,5.172413793103448,0.5078637500000696,,Chao,fixed
grasp,p5.4.u,1300.0,1120.0,1120.0,13.846153846153847,13.846153846153847,0.517690450000373,,Chao,fixed
grasp,p5.4.v,1320.0,1240.0,1240.0,6.0606060606060606,6.0606060606060606,0.5317781999997351,,Chao,fixed
grasp,p5.4.w,1390.0,1360.0,1353.75,2.158273381294964,2.6079136690647484,0.5342489749996275,,Chao,fixed
grasp,p5.4.x,1450.0,1370.0,1370.0,5.517241379310345,5.517241379310345,0.5288278250000076,,Chao,fixed
grasp,p5.4.y,1520.0,1500.0,1490.0,1.3157894736842106,1.9736842105263157,0.5356908999997358,,Chao,fixed
grasp,p5.4.z,1620.0,1620.0,1620.0,0.0,0.0,0.5227165749997766,,Chao,fixed
grasp,p6.2.d,192.0,192.0,192.0,0.0,0.0,0.25405140000020765,,Chao,fixed
grasp,p6.2.j,948.0,828.0,816.0,12.658227848101266,13.924050632911392,0.5799124999998639,,Chao,fixed
grasp,p6.2.l,1116.0,1032.0,1023.0,7.526881720430108,8.333333333333334,0.6472495499997422,,Chao,fixed
grasp,p6.2.m,1188.0,1110.0,1105.5,6.565656565656566,6.944444444444445,0.6553344750004726,,Chao,fixed
grasp,p6.2.n,1260.0,1200.0,1198.5,4.761904761904762,4.880952380952381,0.6612712000001011,,Chao,fixed
grasp,p6.3.g,282.0,276.0,276.0,2.127659574468085,2.127659574468085,0.32066075000057026,,Chao,fixed
grasp,p6.3.h,444.0,390.0,381.0,12.162162162162161,14.18918918918919,0.36028584999939994,,Chao,fixed
grasp,p6.3.i,642.0,486.0,471.0,24.299065420560748,26.635514018691588,0.40466557499985356,,Chao,fixed
grasp,p6.3.k,894.0,612.0,589.5,31.543624161073826,34.060402684563755,0.48120637500005614,,Chao,fixed
grasp,p6.3.l,1002.0,702.0,690.0,29.940119760479043,31.137724550898202,0.5353097500005788,,Chao,fixed
grasp,p6.3.m,1080.0,810.0,793.5,25.0,26.52777777777778,0.579542124999989,,Chao,fixed
grasp,p6.3.n,1170.0,924.0,901.5,21.025641025641026,22.94871794871795,0.6105957249997118,,Chao,fixed
grasp,p6.4.j,366.0,348.0,348.0,4.918032786885246,4.918032786885246,0.38353130000041347,,Chao,fixed
grasp,p6.4.k,528.0,462.0,454.5,12.5,13.920454545454545,0.41631905000076586,,Chao,fixed
grasp,p6.4.l,696.0,558.0,553.5,19.82758620689655,20.474137931034484,0.4593126999998276,,Chao,fixed
grasp,p7.2.d,190.0,190.0,190.0,0.0,0.0,0.2741675249999389,,Chao,fixed
grasp,p7.2.e,290.0,290.0,290.0,0.0,0.0,0.31390212500127745,,Chao,fixed
grasp,p7.2.f,387.0,378.0,377.5,2.3255813953488373,2.454780361757106,0.33541492499944064,,Chao,fixed
grasp,p7.2.g,459.0,453.0,445.0,1.3071895424836601,3.0501089324618738,0.3787771999996039,,Chao,fixed
grasp,p7.2.h,521.0,514.0,511.5,1.3435700575815739,1.8234165067178503,0.4001013000001876,,Chao,fixed
grasp,p7.2.i,580.0,573.0,566.25,1.206896551724138,2.3706896551724137,0.4273890250001386,,Chao,fixed
grasp,p7.2.j,646.0,617.0,606.25,4.489164086687307,6.1532507739938085,0.46932562499978303,,Chao,fixed
grasp,p7.2.k,705.0,664.0,659.0,5.815602836879433,6.524822695035461,0.49925625000014406,,Chao,fixed
grasp,p7.2.l,767.0,733.0,721.25,4.432855280312907,5.9647979139504566,0.538952750000135,,Chao,fixed
grasp,p7.2.m,827.0,789.0,766.5,4.594921402660217,7.315598548972188,0.5625385499997719,,Chao,fixed
grasp,p7.2.n,888.0,822.0,807.0,7.4324324324324325,9.121621621621621,0.591907724999146,,Chao,fixed
grasp,p7.2.o,945.0,862.0,849.0,8.783068783068783,10.158730158730158,0.6263725750004596,,Chao,fixed
grasp,p7.2.p,1002.0,923.0,905.75,7.884231536926148,9.605788423153692,0.6552297250000265,,Chao,fixed
grasp,p7.2.q,1044.0,944.0,933.25,9.578544061302683,10.60823754789272,0.6907950000004348,,Chao,fixed
grasp,p7.2.r,1094.0,998.0,979.25,8.775137111517367,10.489031078610603,0.7192733000001681,,Chao,fixed
grasp,p7.2.s,1136.0,1068.0,1020.0,5.985915492957746,10.211267605633802,0.7431586249995235,,Chao,fixed
grasp,p7.2.t,1179.0,1076.0,1058.75,8.736217133163699,10.199321458863444,0.7825502500004404,,Chao,fixed
grasp,p7.3.h,425.0,425.0,416.5,0.0,2.0,0.3905723250004485,,Chao,fixed
grasp,p7.3.i,487.0,473.0,469.25,2.8747433264887063,3.64476386036961,0.41072650000023714,,Chao,fixed
grasp,p7.3.j,564.0,542.0,534.75,3.900709219858156,5.1861702127659575,0.43818462500030364,,Chao,fixed
grasp,p7.3.k,633.0,593.0,586.25,6.3191153238546605,7.385466034755134,0.4680174499999339,,Chao,fixed
grasp,p7.3.l,684.0,650.0,646.0,4.970760233918129,5.555555555555555,0.4881656499997007,,Chao,fixed
grasp,p7.3.m,762.0,714.0,691.75,6.299212598425197,9.219160104986877,0.525879800000439,,Chao,fixed
grasp,p7.3.n,820.0,748.0,740.0,8.78048780487805,9.75609756097561,0.5596273250002923,,Chao,fixed
grasp,p7.3.o,874.0,806.0,788.25,7.780320366132723,9.811212814645309,0.5703113250001479,,Chao,fixed
grasp,p7.3.p,929.0,835.0,823.25,10.118406889128094,11.383207750269106,0.5949378750001415,,Chao,fixed
grasp,p7.3.q,987.0,877.0,872.0,11.144883485309018,11.651469098277609,0.6159770500007653,,Chao,fixed
grasp,p7.3.r,1026.0,936.0,923.5,8.771929824561404,9.990253411306043,0.6457224750001842,,Chao,fixed
grasp,p7.3.s,1081.0,977.0,966.0,9.620721554116558,10.638297872340425,0.6645870000002105,,Chao,fixed
grasp,p7.3.t,1120.0,1028.0,1018.25,8.214285714285714,9.084821428571429,0.6908904750002876,,Chao,fixed
grasp,p7.4.g,217.0,217.0,212.0,0.0,2.304147465437788,0.3572237749999658,,Chao,fixed
grasp,p7.4.h,285.0,283.0,280.25,0.7017543859649122,1.6666666666666667,0.3727753500002109,,Chao,fixed
grasp,p7.4.i,366.0,363.0,351.0,0.819672131147541,4.098360655737705,0.3980450499998369,,Chao,fixed
grasp,p7.4.k,520.0,503.0,498.5,3.269230769230769,4.134615384615385,0.4566112250004153,,Chao,fixed
grasp,p7.4.l,590.0,551.0,548.25,6.610169491525424,7.076271186440678,0.4832256750000852,,Chao,fixed
grasp,p7.4.m,646.0,602.0,597.75,6.811145510835913,7.469040247678018,0.5081455750000714,,Chao,fixed
grasp,p7.4.n,730.0,665.0,657.25,8.904109589041095,9.965753424657533,0.5319304999998167,,Chao,fixed
grasp,p7.4.o,781.0,728.0,714.0,6.786171574903969,8.578745198463508,0.5540949750002255,,Chao,fixed
grasp,p7.4.p,846.0,782.0,778.25,7.5650118203309695,8.008274231678486,0.5829076750005697,,Chao,fixed
grasp,p7.4.q,909.0,840.0,820.0,7.590759075907591,9.79097909790979,0.6028983249998419,,Chao,fixed
grasp,p7.4.r,970.0,896.0,878.25,7.628865979381444,9.458762886597938,0.6242106500003501,,Chao,fixed
grasp,p7.4.s,1022.0,948.0,924.0,7.240704500978474,9.58904109589041,0.6476138250004624,,Chao,fixed
grasp,p7.4.t,1077.0,982.0,965.0,8.820798514391829,10.399257195914577,0.6719011500003944,,Chao,fixed
ils,p4.2.a,206.0,162.0,162.0,21.359223300970875,21.359223300970875,0.22339745000044786,,Chao,fixed
ils,p4.2.b,341.0,278.0,278.0,18.475073313782993,18.475073313782993,0.3331407000005129,,Chao,fixed
ils,p4.2.c,452.0,354.0,354.0,21.68141592920354,21.68141592920354,0.5790509250005016,,Chao,fixed
ils,p4.2.d,531.0,442.0,442.0,16.760828625235405,16.760828625235405,1.0447279999993953,,Chao,fixed
ils,p4.2.e,618.0,485.0,485.0,21.521035598705502,21.521035598705502,1.1900379500007148,,Chao,fixed
ils,p4.2.f,687.0,553.0,553.0,19.50509461426492,19.50509461426492,1.3200564250000753,,Chao,fixed
ils,p4.2.g,757.0,646.0,642.75,14.663143989431969,15.092470277410833,1.9763259500009553,,Chao,fixed
ils,p4.2.h,835.0,670.0,670.0,19.760479041916167,19.760479041916167,2.127425050000511,,Chao,fixed
ils,p4.2.i,918.0,720.0,703.5,21.568627450980394,23.366013071895424,2.2488057250002385,,Chao,fixed
ils,p4.2.j,965.0,756.0,749.75,21.6580310880829,22.305699481865286,3.0063915250002538,,Chao,fixed
ils,p4.2.k,1022.0,903.0,889.5,11.643835616438356,12.96477495107632,2.7199462000003223,,Chao,fixed
ils,p4.2.l,1074.0,973.0,971.5,9.404096834264433,9.543761638733706,3.1831816750000144,,Chao,fixed
ils,p4.2.m,1132.0,1012.0,1008.0,10.60070671378092,10.954063604240282,4.232940999999755,,Chao,fixed
ils,p4.2.n,1174.0,1110.0,1073.5,5.45144804088586,8.560477001703578,4.871150350000335,,Chao,fixed
ils,p4.2.o,1218.0,1143.0,1137.0,6.157635467980295,6.650246305418719,6.179079950000414,,Chao,fixed
ils,p4.2.p,1242.0,1199.0,1177.75,3.4621578099838968,5.173107890499195,6.675086925000414,,Chao,fixed
ils,p4.2.q,1268.0,1252.0,1220.25,1.2618296529968454,3.7657728706624605,8.794109675000527,,Chao,fixed
ils,p4.2.r,1292.0,1279.0,1277.0,1.0061919504643964,1.1609907120743035,8.864950300000146,,Chao,fixed
ils,p4.2.s,1304.0,1287.0,1269.25,1.303680981595092,2.664877300613497,8.934945075000087,,Chao,fixed
ils,p4.2.t,1306.0,1303.0,1299.0,0.22970903522205208,0.5359877488514548,6.849530699999832,,Chao,fixed
ils,p4.3.c,193.0,177.0,177.0,8.290155440414507,8.290155440414507,0.29040614999985337,,Chao,fixed
ils,p4.3.d,335.0,270.0,270.0,19.402985074626866,19.402985074626866,0.37128479999955744,,Chao,fixed
ils,p4.3.e,468.0,369.0,369.0,21.153846153846153,21.153846153846153,0.6545313000001443,,Chao,fixed
ils,p4.3.f,579.0,449.0,449.0,22.45250431778929,22.45250431778929,0.7417907000003652,,Chao,fixed
ils,p4.3.g,653.0,565.0,561.5,13.476263399693721,14.012251148545175,1.2582579749996512,,Chao,fixed
ils,p4.3.h,729.0,652.0,632.75,10.562414266117969,13.203017832647463,1.9480801249997057,,Chao,fixed
ils,p4.3.i,809.0,697.0,683.25,13.8442521631644,15.543881334981458,2.040941449999991,,Chao,fixed
ils,p4.3.j,861.0,745.0,731.75,13.472706155632984,15.011614401858305,2.7241859749997275,,Chao,fixed
ils,p4.3.k,919.0,759.0,759.0,17.410228509249183,17.410228509249183,2.2231603249992986,,Chao,fixed
ils,p4.3.l,979.0,867.0,848.0,11.440245148110316,13.38100102145046,3.058046325000305,,Chao,fixed
ils,p4.3.m,1063.0,888.0,872.5,16.462841015992474,17.920978363123236,3.278799324999909,,Chao,fixed
ils,p4.3.n,1121.0,997.0,967.5,11.061552185548617,13.693131132917038,4.610533574999863,,Chao,fixed
ils,p4.3.o,1172.0,1044.0,1033.0,10.921501706484642,11.860068259385665,4.705356200000097,,Chao,fixed
ils,p4.3.p,1222.0,1118.0,1088.0,8.51063829787234,10.965630114566284,6.112253225000131,,Chao,fixed
ils,p4.3.q,1253.0,1135.0,1125.5,9.417398244213887,10.175578611332801,6.783651449999525,,Chao,fixed
ils,p4.3.r,1273.0,1189.0,1170.0,6.598586017282011,8.091123330714847,7.6532772999999,,Chao,fixed
ils,p4.3.s,1295.0,1196.0,1195.0,7.644787644787645,7.722007722007722,9.258062450000125,,Chao,fixed
ils,p4.3.t,1305.0,1297.0,1284.25,0.6130268199233716,1.5900383141762453,8.273792100000264,,Chao,fixed
ils,p4.4.e,183.0,172.0,172.0,6.0109289617486334,6.0109289617486334,0.35559455000020534,,Chao,fixed
ils,p4.4.f,324.0,278.0,278.0,14.197530864197532,14.197530864197532,0.41966707499932454,,Chao,fixed
ils,p4.4.g,461.0,382.0,382.0,17.136659436008678,17.136659436008678,0.741012574999786,,Chao,fixed
ils,p4.4.h,571.0,483.0,483.0,15.411558669001751,15.411558669001751,1.2608012249993408,,Chao,fixed
ils,p4.4.i,657.0,573.0,558.5,12.785388127853881,14.992389649923897,1.3493054750006195,,Chao,fixed
ils,p4.4.j,732.0,651.0,651.0,11.065573770491802,11.065573770491802,2.059043924999969,,Chao,fixed
ils,p4.4.k,821.0,703.0,698.75,14.372716199756395,14.890377588306944,2.2533046500002456,,Chao,fixed
ils,p4.4.l,880.0,745.0,745.0,15.340909090909092,15.340909090909092,3.124884150000071,,Chao,fixed
ils,p4.4.m,919.0,780.0,774.25,15.12513601741023,15.750816104461371,3.3144666250000228,,Chao,fixed
ils,p4.4.n,976.0,846.0,846.0,13.319672131147541,13.319672131147541,3.4884996999994655,,Chao,fixed
ils,p4.4.o,1061.0,891.0,878.25,16.022620169651272,17.224316682375118,3.9477452000000994,,Chao,fixed
ils,p4.4.p,1124.0,997.0,962.5,11.298932384341636,14.36832740213523,4.7613423499997225,,Chao,fixed
ils,p4.4.q,1161.0,1027.0,999.5,11.541774332472007,13.910422049956933,5.039835924999807,,Chao,fixed
ils,p4.4.r,1216.0,1169.0,1154.0,3.8651315789473686,5.098684210526316,6.663821999999527,,Chao,fixed
ils,p4.4.s,1260.0,1240.0,1219.25,1.5873015873015872,3.234126984126984,7.420481275000384,,Chao,fixed
ils,p4.4.t,1285.0,1263.0,1252.75,1.7120622568093384,2.509727626459144,9.298421874999349,,Chao,fixed
ils,p5.2.h,410.0,390.0,390.0,4.878048780487805,4.878048780487805,0.3291894999993019,,Chao,fixed
ils,p5.2.j,580.0,560.0,560.0,3.4482758620689653,3.4482758620689653,0.5835661249998338,,Chao,fixed
ils,p5.2.k,670.0,620.0,620.0,7.462686567164179,7.462686567164179,0.5903075250002985,,Chao,fixed
ils,p5.2.l,800.0,700.0,700.0,12.5,12.5,0.6653565249998792,,Chao,fixed
ils,p5.2.m,860.0,770.0,770.0,10.465116279069768,10.465116279069768,0.7100586749993454,,Chao,fixed
ils,p5.2.n,925.0,820.0,820.0,11.35135135135135,11.35135135135135,1.0402217749992815,,Chao,fixed
ils,p5.2.o,1020.0,940.0,940.0,7.8431372549019605,7.8431372549019605,1.1489831249996314,,Chao,fixed
ils,p5.2.p,1150.0,1020.0,1020.0,11.304347826086957,11.304347826086957,1.2262876500003586,,Chao,fixed
ils,p5.2.q,1195.0,1070.0,1070.0,10.460251046025105,10.460251046025105,1.2817416250004499,,Chao,fixed
ils,p5.2.r,1260.0,1190.0,1190.0,5.555555555555555,5.555555555555555,1.8553165749990512,,Chao,fixed
ils,p5.2.s,1340.0,1250.0,1250.0,6.7164179104477615,6.7164179104477615,1.8548280499999237,,Chao,fixed
ils,p5.2.t,1400.0,1310.0,1310.0,6.428571428571429,6.428571428571429,2.0226676500001304,,Chao,fixed
ils,p5.2.u,1460.0,1430.0,1430.0,2.0547945205479454,2.0547945205479454,2.09680597499937,,Chao,fixed
ils,p5.2.v,1505.0,1445.0,1441.25,3.9867109634551494,4.235880398671096,2.862151525000627,,Chao,fixed
ils,p5.2.w,1565.0,1560.0,1560.0,0.3194888178913738,0.3194888178913738,3.0263413750003565,,Chao,fixed
ils,p5.2.x,1610.0,1590.0,1590.0,1.2422360248447204,1.2422360248447204,3.1477824249996047,,Chao,fixed
ils,p5.2.y,1645.0,1630.0,1630.0,0.9118541033434651,0.9118541033434651,2.765464124999653,,Chao,fixed
ils,p5.2.z,1680.0,1660.0,1660.0,1.1904761904761905,1.1904761904761905,2.58567155000037,,Chao,fixed
ils,p5.3.k,495.0,470.0,470.0,5.05050505050505,5.05050505050505,0.5825078999996549,,Chao,fixed
ils,p5.3.l,595.0,575.0,575.0,3.361344537815126,3.361344537815126,0.6389357749994815,,Chao,fixed
ils,p5.3.n,755.0,720.0,696.25,4.635761589403973,7.781456953642384,0.7390560000003461,,Chao,fixed
ils,p5.3.o,870.0,805.0,805.0,7.471264367816092,7.471264367816092,1.1273924749998514,,Chao,fixed
ils,p5.3.q,1070.0,935.0,935.0,12.616822429906541,12.616822429906541,1.221946525000476,,Chao,fixed
ils,p5.3.r,1125.0,1000.0,1000.0,11.11111111111111,11.11111111111111,1.302121475000149,,Chao,fixed
ils,p5.3.s,1190.0,1035.0,1035.0,13.025210084033613,13.025210084033613,1.734467875000064,,Chao,fixed
ils,p5.3.t,1260.0,1095.0,1080.0,13.095238095238095,14.285714285714286,1.8681691999995564,,Chao,fixed
ils,p5.3.u,1345.0,1300.0,1251.25,3.345724907063197,6.970260223048327,1.9322628750001059,,Chao,fixed
ils,p5.3.v,1425.0,1190.0,1160.0,16.49122807017544,18.596491228070175,1.994009575000291,,Chao,fixed
ils,p5.3.w,1485.0,1455.0,1345.0,2.0202020202020203,9.427609427609427,2.2847919500004537,,Chao,fixed
ils,p5.3.x,1555.0,1520.0,1472.5,2.2508038585209005,5.305466237942122,2.898448749999716,,Chao,fixed
ils,p5.3.y,1595.0,1590.0,1583.75,0.31347962382445144,0.7053291536050157,3.205676074999701,,Chao,fixed
ils,p5.3.z,1635.0,1635.0,1631.25,0.0,0.22935779816513763,2.9122999999999593,,Chao,fixed
ils,p5.4.m,555.0,550.0,550.0,0.9009009009009009,0.9009009009009009,0.6892280500001107,,Chao,fixed
ils,p5.4.o,690.0,620.0,620.0,10.144927536231885,10.144927536231885,0.7512752750003528,,Chao,fixed
ils,p5.4.p,765.0,760.0,760.0,0.6535947712418301,0.6535947712418301,1.1713332999997874,,Chao,fixed
ils,p5.4.q,860.0,860.0,860.0,0.0,0.0,1.2620464249998804,,Chao,fixed
ils,p5.4.r,960.0,870.0,865.0,9.375,9.895833333333334,1.277881700000762,,Chao,fixed
ils,p5.4.s,1030.0,1000.0,1000.0,2.912621359223301,2.912621359223301,1.3713601250001375,,Chao,fixed
ils,p5.4.t,1160.0,1075.0,1075.0,7.327586206896552,7.327586206896552,1.9765283000006093,,Chao,fixed
ils,p5.4.u,1300.0,1140.0,1130.0,12.307692307692308,13.076923076923077,2.0195449749994623,,Chao,fixed
ils,p5.4.v,1320.0,1260.0,1260.0,4.545454545454546,4.545454545454546,2.1594732000003205,,Chao,fixed
ils,p5.4.w,1390.0,1310.0,1303.75,5.755395683453237,6.205035971223022,2.277539674999389,,Chao,fixed
ils,p5.4.x,1450.0,1350.0,1347.5,6.896551724137931,7.068965517241379,3.0404227750000246,,Chao,fixed
ils,p5.4.y,1520.0,1470.0,1456.25,3.289473684210526,4.194078947368421,3.1982664750003096,,Chao,fixed
ils,p5.4.z,1620.0,1520.0,1490.0,6.172839506172839,8.024691358024691,3.318518275000315,,Chao,fixed
ils,p6.2.d,192.0,192.0,192.0,0.0,0.0,0.27625175000002855,,Chao,fixed
ils,p6.2.j,948.0,888.0,876.0,6.329113924050633,7.594936708860759,1.1777395250001064,,Chao,fixed
ils,p6.2.l,1116.0,1092.0,1087.5,2.150537634408602,2.553763440860215,1.8668137500003468,,Chao,fixed
ils,p6.2.m,1188.0,1170.0,1165.5,1.5151515151515151,1.893939393939394,2.061437200000455,,Chao,fixed
ils,p6.2.n,1260.0,1242.0,1240.5,1.4285714285714286,1.5476190476190477,2.887822799999867,,Chao,fixed
ils,p6.3.g,282.0,264.0,264.0,6.382978723404255,6.382978723404255,0.3784433999999237,,Chao,fixed
ils,p6.3.h,444.0,360.0,360.0,18.91891891891892,18.91891891891892,0.6241570749998573,,Chao,fixed
ils,p6.3.i,642.0,444.0,444.0,30.8411214953271,30.8411214953271,0.7197538999998869,,Chao,fixed
ils,p6.3.k,894.0,642.0,598.5,28.187919463087248,33.053691275167786,1.1703575999999885,,Chao,fixed
ils,p6.3.l,1002.0,900.0,883.5,10.179640718562874,11.826347305389222,1.391888149999886,,Chao,fixed
ils,p6.3.m,1080.0,1002.0,978.0,7.222222222222222,9.444444444444445,1.855145800000173,,Chao,fixed
ils,p6.3.n,1170.0,1134.0,1113.0,3.076923076923077,4.871794871794871,2.060664574999919,,Chao,fixed
ils,p6.4.j,366.0,348.0,348.0,4.918032786885246,4.918032786885246,0.6644243750001806,,Chao,fixed
ils,p6.4.k,528.0,420.0,420.0,20.454545454545453,20.454545454545453,0.7326242250001087,,Chao,fixed
ils,p6.4.l,696.0,534.0,534.0,23.275862068965516,23.275862068965516,1.1838580749995344,,Chao,fixed
ils,p7.2.d,190.0,190.0,190.0,0.0,0.0,0.17270467499974979,,Chao,fixed
ils,p7.2.e,290.0,290.0,290.0,0.0,0.0,0.3013248249994831,,Chao,fixed
ils,p7.2.f,387.0,356.0,346.0,8.010335917312661,10.594315245478036,0.35793517499996597,,Chao,fixed
ils,p7.2.g,459.0,427.0,427.0,6.971677559912854,6.971677559912854,0.6707686499998999,,Chao,fixed
ils,p7.2.h,521.0,489.0,489.0,6.142034548944338,6.142034548944338,0.7361870000004274,,Chao,fixed
ils,p7.2.i,580.0,527.0,527.0,9.137931034482758,9.137931034482758,0.9969394499998997,,Chao,fixed
ils,p7.2.j,646.0,587.0,576.5,9.13312693498452,10.758513931888546,1.1088012999994135,,Chao,fixed
ils,p7.2.k,705.0,607.0,607.0,13.900709219858156,13.900709219858156,1.1806405000002087,,Chao,fixed
ils,p7.2.l,767.0,630.0,624.75,17.86179921773142,18.546284224250325,1.1989696750001713,,Chao,fixed
ils,p7.2.m,827.0,692.0,680.25,16.324062877871825,17.744860943168078,1.3162067750004098,,Chao,fixed
ils,p7.2.n,888.0,749.0,740.5,15.653153153153154,16.61036036036036,1.8627319749998605,,Chao,fixed
ils,p7.2.o,945.0,807.0,807.0,14.603174603174603,14.603174603174603,2.004579025000112,,Chao,fixed
ils,p7.2.p,1002.0,843.0,841.5,15.868263473053892,16.017964071856287,2.1385414250003123,,Chao,fixed
ils,p7.2.q,1044.0,876.0,876.0,16.091954022988507,16.091954022988507,2.954607749999468,,Chao,fixed
ils,p7.2.r,1094.0,950.0,941.5,13.162705667276052,13.939670932358318,3.111071374999483,,Chao,fixed
ils,p7.2.s,1136.0,982.0,968.5,13.556338028169014,14.744718309859154,3.206469074999859,,Chao,fixed
ils,p7.2.t,1179.0,1060.0,1047.0,10.093299406276506,11.195928753180661,3.305730399999902,,Chao,fixed
ils,p7.3.h,425.0,390.0,390.0,8.235294117647058,8.235294117647058,0.6008198250001442,,Chao,fixed
ils,p7.3.i,487.0,442.0,442.0,9.240246406570842,9.240246406570842,0.6586933499993393,,Chao,fixed
ils,p7.3.j,564.0,510.0,510.0,9.574468085106384,9.574468085106384,1.0789684749997832,,Chao,fixed
ils,p7.3.k,633.0,541.0,541.0,14.533965244865719,14.533965244865719,1.2330575750002026,,Chao,fixed
ils,p7.3.l,684.0,601.0,601.0,12.134502923976608,12.134502923976608,1.2939154249997955,,Chao,fixed
ils,p7.3.m,762.0,670.0,670.0,12.073490813648293,12.073490813648293,1.3523975250004696,,Chao,fixed
ils,p7.3.n,820.0,732.0,730.25,10.731707317073171,10.945121951219512,1.9179027499999393,,Chao,fixed
ils,p7.3.o,874.0,769.0,768.5,12.013729977116705,12.070938215102975,2.024536875000649,,Chao,fixed
ils,p7.3.p,929.0,840.0,828.75,9.580193756727665,10.791173304628632,2.043029275000208,,Chao,fixed
ils,p7.3.q,987.0,877.0,873.25,11.144883485309018,11.52482269503546,2.1335054500000297,,Chao,fixed
ils,p7.3.r,1026.0,854.0,836.25,16.764132553606238,18.494152046783626,2.2479644999998527,,Chao,fixed
ils,p7.3.s,1081.0,855.0,853.0,20.906567992599445,21.091581868640148,3.055561074999787,,Chao,fixed
ils,p7.3.t,1120.0,963.0,961.5,14.017857142857142,14.151785714285714,3.2628869250006574,,Chao,fixed
ils,p7.4.g,217.0,187.0,187.0,13.824884792626728,13.824884792626728,0.3405678750000334,,Chao,fixed
ils,p7.4.h,285.0,259.0,259.0,9.12280701754386,9.12280701754386,0.378682900000058,,Chao,fixed
ils,p7.4.i,366.0,338.0,338.0,7.6502732240437155,7.6502732240437155,0.42651535000004515,,Chao,fixed
ils,p7.4.k,520.0,462.0,462.0,11.153846153846153,11.153846153846153,0.7787413000000925,,Chao,fixed
ils,p7.4.l,590.0,519.0,519.0,12.033898305084746,12.033898305084746,1.072840124999857,,Chao,fixed
ils,p7.4.m,646.0,563.0,563.0,12.84829721362229,12.84829721362229,1.2484054500005186,,Chao,fixed
ils,p7.4.n,730.0,607.0,607.0,16.84931506849315,16.84931506849315,1.3680042999999387,,Chao,fixed
ils,p7.4.o,781.0,662.0,662.0,15.236875800256081,15.236875800256081,1.9629337750002378,,Chao,fixed
ils,p7.4.p,846.0,730.0,728.5,13.711583924349881,13.88888888888889,2.0059466749994503,,Chao,fixed
ils,p7.4.q,909.0,782.0,775.5,13.971397139713972,14.686468646864686,2.1522375999998076,,Chao,fixed
ils,p7.4.r,970.0,881.0,877.0,9.175257731958762,9.587628865979381,2.292812474999664,,Chao,fixed
ils,p7.4.s,1022.0,912.0,908.5,10.76320939334638,11.105675146771038,3.1538563999997677,,Chao,fixed
ils,p7.4.t,1077.0,971.0,964.75,9.842154131847725,10.422469823584029,3.2445961999997053,,Chao,fixed
vns,p4.2.a,206.0,162.0,162.0,21.359223300970875,21.359223300970875,0.2366621250002936,,Chao,fixed
vns,p4.2.b,341.0,278.0,278.0,18.475073313782993,18.475073313782993,0.29399407499977315,,Chao,fixed
vns,p4.2.c,452.0,354.0,354.0,21.68141592920354,21.68141592920354,0.4640606750003826,,Chao,fixed
vns,p4.2.d,531.0,442.0,442.0,16.760828625235405,16.760828625235405,0.7512348249997558,,Chao,fixed
vns,p4.2.e,618.0,485.0,485.0,21.521035598705502,21.521035598705502,0.8498949500003619,,Chao,fixed
vns,p4.2.f,687.0,553.0,553.0,19.50509461426492,19.50509461426492,0.9263142750000952,,Chao,fixed
vns,p4.2.g,757.0,643.0,643.0,15.059445178335535,15.059445178335535,1.353478725000059,,Chao,fixed
vns,p4.2.h,835.0,670.0,670.0,19.760479041916167,19.760479041916167,1.3781305250004152,,Chao,fixed
vns,p4.2.i,918.0,698.0,698.0,23.965141612200437,23.965141612200437,1.696066449999762,,Chao,fixed
vns,p4.2.j,965.0,757.0,757.0,21.55440414507772,21.55440414507772,1.872656549999192,,Chao,fixed
vns,p4.2.k,1022.0,874.0,860.75,14.481409001956948,15.777886497064578,1.9121076000005814,,Chao,fixed
vns,p4.2.l,1074.0,983.0,968.0,8.472998137802607,9.869646182495345,2.1297840249994806,,Chao,fixed
vns,p4.2.m,1132.0,1026.0,1020.75,9.363957597173146,9.82773851590106,2.800702375000128,,Chao,fixed
vns,p4.2.n,1174.0,1102.0,1076.75,6.132879045996593,8.283645655877342,3.158046524999463,,Chao,fixed
vns,p4.2.o,1218.0,1136.0,1128.5,6.732348111658457,7.348111658456486,3.8729673000007097,,Chao,fixed
vns,p4.2.p,1242.0,1187.0,1185.0,4.428341384863124,4.5893719806763285,4.141979399999855,,Chao,fixed
vns,p4.2.q,1268.0,1246.0,1243.5,1.7350157728706626,1.9321766561514195,4.522488700000395,,Chao,fixed
vns,p4.2.r,1292.0,1279.0,1274.5,1.0061919504643964,1.3544891640866874,5.694239049999396,,Chao,fixed
vns,p4.2.s,1304.0,1290.0,1286.75,1.0736196319018405,1.3228527607361964,5.711960050000016,,Chao,fixed
vns,p4.2.t,1306.0,1298.0,1296.0,0.6125574272588055,0.7656967840735069,4.80025462499998,,Chao,fixed
vns,p4.3.c,193.0,177.0,177.0,8.290155440414507,8.290155440414507,0.2588727999996081,,Chao,fixed
vns,p4.3.d,335.0,270.0,270.0,19.402985074626866,19.402985074626866,0.33388364999927944,,Chao,fixed
vns,p4.3.e,468.0,369.0,369.0,21.153846153846153,21.153846153846153,0.5254288249993806,,Chao,fixed
vns,p4.3.f,579.0,449.0,449.0,22.45250431778929,22.45250431778929,0.5891887249999854,,Chao,fixed
vns,p4.3.g,653.0,576.0,576.0,11.791730474732006,11.791730474732006,0.8307580749997214,,Chao,fixed
vns,p4.3.h,729.0,652.0,640.75,10.562414266117969,12.10562414266118,1.278181074999793,,Chao,fixed
vns,p4.3.i,809.0,645.0,645.0,20.27194066749073,20.27194066749073,1.3828120000002855,,Chao,fixed
vns,p4.3.j,861.0,721.0,721.0,16.260162601626018,16.260162601626018,1.672332099999494,,Chao,fixed
vns,p4.3.k,919.0,759.0,759.0,17.410228509249183,17.410228509249183,1.481843850000132,,Chao,fixed
vns,p4.3.l,979.0,808.0,808.0,17.466802860061286,17.466802860061286,1.828020349999406,,Chao,fixed
vns,p4.3.m,1063.0,838.0,838.0,21.16650987770461,21.16650987770461,1.9455295999996451,,Chao,fixed
vns,p4.3.n,1121.0,974.0,958.75,13.113291703835861,14.473684210526315,2.7560416249993978,,Chao,fixed
vns,p4.3.o,1172.0,1044.0,1030.25,10.921501706484642,12.09470989761092,2.8279872250000153,,Chao,fixed
vns,p4.3.p,1222.0,1005.0,1005.0,17.757774140752865,17.757774140752865,3.4286478749991147,,Chao,fixed
vns,p4.3.q,1253.0,1154.0,1125.5,7.9010375099760575,10.175578611332801,3.672776325000086,,Chao,fixed
vns,p4.3.r,1273.0,1161.0,1153.25,8.798114689709347,9.406912804399058,4.1164702250007394,,Chao,fixed
vns,p4.3.s,1295.0,1197.0,1189.75,7.5675675675675675,8.127413127413128,5.361782575000234,,Chao,fixed
vns,p4.3.t,1305.0,1294.0,1280.0,0.842911877394636,1.9157088122605364,5.204970499999945,,Chao,fixed
vns,p4.4.e,183.0,172.0,172.0,6.0109289617486334,6.0109289617486334,0.31624290000036126,,Chao,fixed
vns,p4.4.f,324.0,278.0,278.0,14.197530864197532,14.197530864197532,0.360484149999138,,Chao,fixed
vns,p4.4.g,461.0,382.0,382.0,17.136659436008678,17.136659436008678,0.5962740249997296,,Chao,fixed
vns,p4.4.h,571.0,483.0,483.0,15.411558669001751,15.411558669001751,0.8242707250001331,,Chao,fixed
vns,p4.4.i,657.0,544.0,544.0,17.199391171993913,17.199391171993913,0.895951999999852,,Chao,fixed
vns,p4.4.j,732.0,641.0,641.0,12.431693989071038,12.431693989071038,1.29377199999999,,Chao,fixed
vns,p4.4.k,821.0,676.0,676.0,17.66138855054811,17.66138855054811,1.4382173749995673,,Chao,fixed
vns,p4.4.l,880.0,738.0,738.0,16.136363636363637,16.136363636363637,1.8344424500005516,,Chao,fixed
vns,p4.4.m,919.0,753.0,753.0,18.063112078346027,18.063112078346027,1.8885286499998983,,Chao,fixed
vns,p4.4.n,976.0,825.0,825.0,15.471311475409836,15.471311475409836,2.0379072499999893,,Chao,fixed
vns,p4.4.o,1061.0,867.0,861.0,18.28463713477851,18.85014137606032,2.3812262250003187,,Chao,fixed
vns,p4.4.p,1124.0,949.0,936.25,15.569395017793594,16.70373665480427,2.674488200000269,,Chao,fixed
vns,p4.4.q,1161.0,955.0,935.25,17.743324720068905,19.444444444444443,2.930027250000421,,Chao,fixed
vns,p4.4.r,1216.0,1167.0,1127.75,4.029605263157895,7.2574013157894735,3.5897374999999556,,Chao,fixed
vns,p4.4.s,1260.0,1216.0,1182.5,3.492063492063492,6.150793650793651,4.046163974999672,,Chao,fixed
vns,p4.4.t,1285.0,1257.0,1254.5,2.178988326848249,2.3735408560311284,5.060516449999795,,Chao,fixed
vns,p5.2.h,410.0,390.0,390.0,4.878048780487805,4.878048780487805,0.29359127499947135,,Chao,fixed
vns,p5.2.j,580.0,560.0,560.0,3.4482758620689653,3.4482758620689653,0.4680361749997246,,Chao,fixed
vns,p5.2.k,670.0,620.0,620.0,7.462686567164179,7.462686567164179,0.4708392749998893,,Chao,fixed
vns,p5.2.l,800.0,700.0,700.0,12.5,12.5,0.5676521499999581,,Chao,fixed
vns,p5.2.m,860.0,770.0,770.0,10.465116279069768,10.465116279069768,0.6010478499997589,,Chao,fixed
vns,p5.2.n,925.0,820.0,820.0,11.35135135135135,11.35135135135135,0.7454761499993765,,Chao,fixed
vns,p5.2.o,1020.0,940.0,940.0,7.8431372549019605,7.8431372549019605,0.8195104750002429,,Chao,fixed
vns,p5.2.p,1150.0,1020.0,1020.0,11.304347826086957,11.304347826086957,0.8652160750002622,,Chao,fixed
vns,p5.2.q,1195.0,1070.0,1070.0,10.460251046025105,10.460251046025105,0.9297603000004528,,Chao,fixed
vns,p5.2.r,1260.0,1190.0,1190.0,5.555555555555555,5.555555555555555,1.3070171500003198,,Chao,fixed
vns,p5.2.s,1340.0,1250.0,1250.0,6.7164179104477615,6.7164179104477615,1.313168300000143,,Chao,fixed
vns,p5.2.t,1400.0,1310.0,1310.0,6.428571428571429,6.428571428571429,1.4452411999996002,,Chao,fixed
vns,p5.2.u,1460.0,1430.0,1430.0,2.0547945205479454,2.0547945205479454,1.4953566250001131,,Chao,fixed
vns,p5.2.v,1505.0,1470.0,1455.0,2.3255813953488373,3.3222591362126246,1.7573426249996373,,Chao,fixed
vns,p5.2.w,1565.0,1560.0,1560.0,0.3194888178913738,0.3194888178913738,2.002972999999656,,Chao,fixed
vns,p5.2.x,1610.0,1590.0,1590.0,1.2422360248447204,1.2422360248447204,2.078412599999865,,Chao,fixed
vns,p5.2.y,1645.0,1630.0,1622.5,0.9118541033434651,1.3677811550151975,1.9070496499998626,,Chao,fixed
vns,p5.2.z,1680.0,1660.0,1660.0,1.1904761904761905,1.1904761904761905,1.9067301499999303,,Chao,fixed
vns,p5.3.k,495.0,470.0,470.0,5.05050505050505,5.05050505050505,0.4794959249998101,,Chao,fixed
vns,p5.3.l,595.0,575.0,575.0,3.361344537815126,3.361344537815126,0.5120832749998954,,Chao,fixed
vns,p5.3.n,755.0,685.0,685.0,9.271523178807946,9.271523178807946,0.594930650000606,,Chao,fixed
vns,p5.3.o,870.0,805.0,805.0,7.471264367816092,7.471264367816092,0.7405418500006817,,Chao,fixed
vns,p5.3.q,1070.0,935.0,935.0,12.616822429906541,12.616822429906541,0.8069925499999044,,Chao,fixed
vns,p5.3.r,1125.0,1000.0,1000.0,11.11111111111111,11.11111111111111,0.8894014500001504,,Chao,fixed
vns,p5.3.s,1190.0,1035.0,1035.0,13.025210084033613,13.025210084033613,1.1805158249999295,,Chao,fixed
vns,p5.3.t,1260.0,1075.0,1075.0,14.682539682539682,14.682539682539682,1.2303244499994435,,Chao,fixed
vns,p5.3.u,1345.0,1090.0,1090.0,18.95910780669145,18.95910780669145,1.2681512999997722,,Chao,fixed
vns,p5.3.v,1425.0,1150.0,1150.0,19.29824561403509,19.29824561403509,1.3185276750000412,,Chao,fixed
vns,p5.3.w,1485.0,1210.0,1210.0,18.51851851851852,18.51851851851852,1.3794561749991772,,Chao,fixed
vns,p5.3.x,1555.0,1350.0,1350.0,13.183279742765274,13.183279742765274,1.6217047000000093,,Chao,fixed
vns,p5.3.y,1595.0,1565.0,1541.25,1.8808777429467085,3.3699059561128526,1.8752213750003648,,Chao,fixed
vns,p5.3.z,1635.0,1605.0,1587.5,1.834862385321101,2.90519877675841,1.8977324999996197,,Chao,fixed
vns,p5.4.m,555.0,550.0,550.0,0.9009009009009009,0.9009009009009009,0.5541445750004641,,Chao,fixed
vns,p5.4.o,690.0,620.0,620.0,10.144927536231885,10.144927536231885,0.5901594249999107,,Chao,fixed
vns,p5.4.p,765.0,760.0,760.0,0.6535947712418301,0.6535947712418301,0.7513904999996157,,Chao,fixed
vns,p5.4.q,860.0,860.0,860.0,0.0,0.0,0.8194097500004318,,Chao,fixed
vns,p5.4.r,960.0,860.0,860.0,10.416666666666666,10.416666666666666,0.8252886000000217,,Chao,fixed
vns,p5.4.s,1030.0,1000.0,1000.0,2.912621359223301,2.912621359223301,0.8985083500001565,,Chao,fixed
vns,p5.4.t,1160.0,1075.0,1075.0,7.327586206896552,7.327586206896552,1.24609187499982,,Chao,fixed
vns,p5.4.u,1300.0,1120.0,1112.5,13.846153846153847,14.423076923076923,1.2660877000002984,,Chao,fixed
vns,p5.4.v,1320.0,1250.0,1250.0,5.303030303030303,5.303030303030303,1.3723177249999026,,Chao,fixed
vns,p5.4.w,1390.0,1310.0,1310.0,5.755395683453237,5.755395683453237,1.4555696499996884,,Chao,fixed
vns,p5.4.x,1450.0,1340.0,1340.0,7.586206896551724,7.586206896551724,1.7678928249997625,,Chao,fixed
vns,p5.4.y,1520.0,1445.0,1445.0,4.934210526315789,4.934210526315789,1.8448640000001433,,Chao,fixed
vns,p5.4.z,1620.0,1520.0,1490.0,6.172839506172839,8.024691358024691,1.9122760749996814,,Chao,fixed
vns,p6.2.d,192.0,192.0,192.0,0.0,0.0,0.2531314249999923,,Chao,fixed
vns,p6.2.j,948.0,882.0,882.0,6.962025316455696,6.962025316455696,0.816640300000472,,Chao,fixed
vns,p6.2.l,1116.0,1068.0,1053.0,4.301075268817204,5.645161290322581,1.3032782000000225,,Chao,fixed
vns,p6.2.m,1188.0,1134.0,1131.0,4.545454545454546,4.797979797979798,1.4549437499995292,,Chao,fixed
vns,p6.2.n,1260.0,1236.0,1227.0,1.9047619047619047,2.619047619047619,1.8548730500001511,,Chao,fixed
vns,p6.3.g,282.0,264.0,264.0,6.382978723404255,6.382978723404255,0.3341400750000503,,Chao,fixed
vns,p6.3.h,444.0,360.0,360.0,18.91891891891892,18.91891891891892,0.4994658750006238,,Chao,fixed
vns,p6.3.i,642.0,444.0,444.0,30.8411214953271,30.8411214953271,0.5656912749996081,,Chao,fixed
vns,p6.3.k,894.0,570.0,570.0,36.241610738255034,36.241610738255034,0.7565267249997305,,Chao,fixed
vns,p6.3.l,1002.0,804.0,763.5,19.760479041916167,23.802395209580837,0.8516318249999131,,Chao,fixed
vns,p6.3.m,1080.0,978.0,963.0,9.444444444444445,10.833333333333334,1.2043404250002823,,Chao,fixed
vns,p6.3.n,1170.0,1104.0,1087.5,5.641025641025641,7.051282051282051,1.3584406749992013,,Chao,fixed
vns,p6.4.j,366.0,348.0,348.0,4.918032786885246,4.918032786885246,0.5208301000002393,,Chao,fixed
vns,p6.4.k,528.0,420.0,420.0,20.454545454545453,20.454545454545453,0.5764881000000059,,Chao,fixed
vns,p6.4.l,696.0,534.0,534.0,23.275862068965516,23.275862068965516,0.7738652250004634,,Chao,fixed
vns,p7.2.d,190.0,190.0,190.0,0.0,0.0,0.20700279999982735,,Chao,fixed
vns,p7.2.e,290.0,290.0,290.0,0.0,0.0,0.27471799999966606,,Chao,fixed
vns,p7.2.f,387.0,337.0,337.0,12.919896640826874,12.919896640826874,0.3327998749996368,,Chao,fixed
vns,p7.2.g,459.0,427.0,427.0,6.971677559912854,6.971677559912854,0.5652463749997878,,Chao,fixed
vns,p7.2.h,521.0,489.0,489.0,6.142034548944338,6.142034548944338,0.613196125000286,,Chao,fixed
vns,p7.2.i,580.0,527.0,527.0,9.137931034482758,9.137931034482758,0.7252752749996034,,Chao,fixed
vns,p7.2.j,646.0,554.0,554.0,14.241486068111454,14.241486068111454,0.8158935249998649,,Chao,fixed
vns,p7.2.k,705.0,607.0,607.0,13.900709219858156,13.900709219858156,0.856724724999367,,Chao,fixed
vns,p7.2.l,767.0,631.0,631.0,17.73142112125163,17.73142112125163,0.8433757749999131,,Chao,fixed
vns,p7.2.m,827.0,670.0,670.0,18.98428053204353,18.98428053204353,0.9833666750000702,,Chao,fixed
vns,p7.2.n,888.0,749.0,749.0,15.653153153153154,15.653153153153154,1.3523346249999122,,Chao,fixed
vns,p7.2.o,945.0,807.0,807.0,14.603174603174603,14.603174603174603,1.430503100000351,,Chao,fixed
vns,p7.2.p,1002.0,841.0,841.0,16.067864271457086,16.067864271457086,1.5378865000006954,,Chao,fixed
vns,p7.2.q,1044.0,878.0,878.0,15.900383141762452,15.900383141762452,1.8080346500000815,,Chao,fixed
vns,p7.2.r,1094.0,943.0,939.25,13.80255941499086,14.145338208409507,1.9867074250009864,,Chao,fixed
vns,p7.2.s,1136.0,968.0,966.0,14.788732394366198,14.964788732394366,2.146107225000378,,Chao,fixed
vns,p7.2.t,1179.0,1018.0,1011.5,13.655640373197626,14.206955046649703,2.212488425000174,,Chao,fixed
vns,p7.3.h,425.0,390.0,390.0,8.235294117647058,8.235294117647058,0.46497217500018445,,Chao,fixed
vns,p7.3.i,487.0,442.0,442.0,9.240246406570842,9.240246406570842,0.5327884000002996,,Chao,fixed
vns,p7.3.j,564.0,510.0,510.0,9.574468085106384,9.574468085106384,0.7593006749998494,,Chao,fixed
vns,p7.3.k,633.0,541.0,541.0,14.533965244865719,14.533965244865719,0.8404385250000814,,Chao,fixed
vns,p7.3.l,684.0,601.0,601.0,12.134502923976608,12.134502923976608,0.8818725499995708,,Chao,fixed
vns,p7.3.m,762.0,670.0,670.0,12.073490813648293,12.073490813648293,0.9206163750000087,,Chao,fixed
vns,p7.3.n,820.0,732.0,732.0,10.731707317073171,10.731707317073171,1.2494507999995221,,Chao,fixed
vns,p7.3.o,874.0,769.0,767.75,12.013729977116705,12.15675057208238,1.327768974999799,,Chao,fixed
vns,p7.3.p,929.0,824.0,816.25,11.302475780409042,12.136706135629709,1.355363975000273,,Chao,fixed
vns,p7.3.q,987.0,872.0,872.0,11.651469098277609,11.651469098277609,1.4297479500005466,,Chao,fixed
vns,p7.3.r,1026.0,831.0,825.5,19.005847953216374,19.541910331384017,1.4658090499997343,,Chao,fixed
vns,p7.3.s,1081.0,851.0,851.0,21.27659574468085,21.27659574468085,1.865947449999567,,Chao,fixed
vns,p7.3.t,1120.0,964.0,951.25,13.928571428571429,15.066964285714286,1.9984521249994032,,Chao,fixed
vns,p7.4.g,217.0,187.0,187.0,13.824884792626728,13.824884792626728,0.2951654500002405,,Chao,fixed
vns,p7.4.h,285.0,259.0,259.0,9.12280701754386,9.12280701754386,0.31992217500010156,,Chao,fixed
vns,p7.4.i,366.0,338.0,338.0,7.6502732240437155,7.6502732240437155,0.3865506249999271,,Chao,fixed
vns,p7.4.k,520.0,462.0,462.0,11.153846153846153,11.153846153846153,0.6196034499998859,,Chao,fixed
vns,p7.4.l,590.0,519.0,519.0,12.033898305084746,12.033898305084746,0.7433256249996703,,Chao,fixed
vns,p7.4.m,646.0,563.0,563.0,12.84829721362229,12.84829721362229,0.8128585000004023,,Chao,fixed
vns,p7.4.n,730.0,607.0,607.0,16.84931506849315,16.84931506849315,0.8968376749999152,,Chao,fixed
vns,p7.4.o,781.0,662.0,662.0,15.236875800256081,15.236875800256081,1.249758749999728,,Chao,fixed
vns,p7.4.p,846.0,730.0,730.0,13.711583924349881,13.711583924349881,1.2962639500001387,,Chao,fixed
vns,p7.4.q,909.0,777.0,777.0,14.521452145214521,14.521452145214521,1.3829085000002124,,Chao,fixed
vns,p7.4.r,970.0,867.0,867.0,10.618556701030927,10.618556701030927,1.4535414000001765,,Chao,fixed
vns,p7.4.s,1022.0,912.0,908.5,10.76320939334638,11.105675146771038,1.80053292500088,,Chao,fixed
vns,p7.4.t,1077.0,975.0,974.5,9.470752089136491,9.517177344475394,1.8760930499997812,,Chao,fixed
