Benchmark,Set,Instance,BKS,Bytes,SHA256,Source_DOI,Expected_Relative_Path
Dang,Dang benchmark,bier127_gen1_m2,106.0,1758,b812ffe98fede4790b2a1b453d9f229070c1296674a15c9ee62610e80c6bb811,10.1016/j.ejor.2013.02.049,bier127_gen1_m2.txt
Dang,Dang benchmark,bier127_gen1_m3,103.0,1758,73aeaa50b2ca1fa9764e07c090b5d354d66ce37b27398f96d560f1886053d2ee,10.1016/j.ejor.2013.02.049,bier127_gen1_m3.txt
Dang,Dang benchmark,bier127_gen2_m2,5464.0,1874,6f635aadee8e986332f96440b64573047d88243cb3f5edd18890ad49cabf9414,10.1016/j.ejor.2013.02.049,bier127_gen2_m2.txt
Dang,Dang benchmark,bier127_gen2_m3,5393.0,1874,a7127735034079b909823d16e79df43567e34732b0ed9d7269b086ecd78c5216,10.1016/j.ejor.2013.02.049,bier127_gen2_m3.txt
Dang,Dang benchmark,bier127_gen2_m4,5123.0,1874,f97f3b341ba509f1a94c05fc209999f741dcfaa047ff8644c4808fc5db0446e9,10.1016/j.ejor.2013.02.049,bier127_gen2_m4.txt
Dang,Dang benchmark,bier127_gen3_m2,2885.0,1874,421c2fcbc82b50c815897c8597d04b67229298bc9e81ce72aef9636397aa7899,10.1016/j.ejor.2013.02.049,bier127_gen3_m2.txt
Dang,Dang benchmark,bier127_gen3_m3,2706.0,1874,633dc8c816e77e20c6700b43ae3e987d013799d27b7b54e74a2837f009f9f176,10.1016/j.ejor.2013.02.049,bier127_gen3_m3.txt
Dang,Dang benchmark,bier127_gen3_m4,2402.0,1874,78a0d823c2f1ba3ac93f19badbd66f726e957629b0c2d1995f90c2b684b2666a,10.1016/j.ejor.2013.02.049,bier127_gen3_m4.txt
Dang,Dang benchmark,cmt101c_m3,1300.0,927,f0da5049c058e810104d6064a82983aeb1a7d3a30887d7679e89b987ee0c0fa2,10.1016/j.ejor.2013.02.049,cmt101c_m3.txt
Dang,Dang benchmark,cmt151b_m3,1385.0,1319,5e92c668d6d4be170bbd393c4e836f40c73fe46cdc2eaacbcdd44019562ac6ad,10.1016/j.ejor.2013.02.049,cmt151b_m3.txt
Dang,Dang benchmark,cmt151c_m2,1964.0,1318,fe9437d2a82e76cbcbe8d1bf93cff62b5a700d843757253facf22e7686462f71,10.1016/j.ejor.2013.02.049,cmt151c_m2.txt
Dang,Dang benchmark,cmt151c_m3,1916.0,1316,62a9ef2b57b505a5a605f7382b5cfd0ec42c172e9392527c3c19957c6aff74af,10.1016/j.ejor.2013.02.049,cmt151c_m3.txt
Dang,Dang benchmark,cmt151c_m4,1880.0,1319,bf917db0e398a1e527c5477bce2e34a5017cf0e91dee97d0aa8fdc1279122efc,10.1016/j.ejor.2013.02.049,cmt151c_m4.txt
Dang,Dang benchmark,cmt200b_m2,2096.0,1752,80869d72c53ef99e5a919972a6c48dbc04a5b2a77fc2e6ec8c845775bb4a3564,10.1016/j.ejor.2013.02.049,cmt200b_m2.txt
Dang,Dang benchmark,cmt200b_m3,2019.0,1755,003d3b2cc54e0291002fa0e67149cc917dc163e4a7d2f45f28fb425249f0d131,10.1016/j.ejor.2013.02.049,cmt200b_m3.txt
Dang,Dang benchmark,cmt200b_m4,1894.0,1753,b80a6b4eb563af8d0d11228b57810b61f9aea0daf4e214d5bd080addeab8ac4f,10.1016/j.ejor.2013.02.049,cmt200b_m4.txt
Dang,Dang benchmark,cmt200c_m2,2818.0,1754,266dfdb256a575ce2f43e0d1174d1e1236e793b31191f81d91c4664e7ac8de21,10.1016/j.ejor.2013.02.049,cmt200c_m2.txt
Dang,Dang benchmark,cmt200c_m3,2766.0,1752,93bdd95a46d9e2d95b345a818f024efdd9779fc7827d3ba00f326443ae6a97a8,10.1016/j.ejor.2013.02.049,cmt200c_m3.txt
Dang,Dang benchmark,cmt200c_m4,2712.0,1755,c1ab9693aaf66722e5fa439f0b796fc6b8498ed699e91caaf71cbb9e9403b3de,10.1016/j.ejor.2013.02.049,cmt200c_m4.txt
Dang,Dang benchmark,eil101b_m3,916.0,885,ca8b5a63e0bdd91eca827271d69ab6bc4f1c386d41498e560b8785a9342f45c1,10.1016/j.ejor.2013.02.049,eil101b_m3.txt
Dang,Dang benchmark,eil101c_m2,1305.0,885,a300f42788b0c0cc9fab66e7b3b84425205bbce6f3885a5d08a4e0fb9159430f,10.1016/j.ejor.2013.02.049,eil101c_m2.txt
Dang,Dang benchmark,eil101c_m3,1251.0,888,6567782a5327cc41d62bfe31c0843a93a80697d665c0563e62ff00662eab8e54,10.1016/j.ejor.2013.02.049,eil101c_m3.txt
Dang,Dang benchmark,gil262_gen1_m3,101.0,2324,36a0a9ac6f2021f0a1314b4b87594ab9d1bcb8aea8c9e949aeec6e4382909d4d,10.1016/j.ejor.2013.02.049,gil262_gen1_m3.txt
Dang,Dang benchmark,gil262_gen1_m4,78.0,2323,517ff23f8ac1bbc7177fa9dea4565fa2817b109f089c69b1ce2606fd4e4bb79b,10.1016/j.ejor.2013.02.049,gil262_gen1_m4.txt
Dang,Dang benchmark,gil262_gen2_m2,7498.0,2561,763b28bbcfb55fe3f7af122cbe5102c677dab1b0941d2f1c51c3532fd7765473,10.1016/j.ejor.2013.02.049,gil262_gen2_m2.txt
Dang,Dang benchmark,gil262_gen2_m3,5615.0,2563,83634bc74a5455d1d2552201ac8aae71ab304c3481ce1a2afce710392538d205,10.1016/j.ejor.2013.02.049,gil262_gen2_m3.txt
Dang,Dang benchmark,gil262_gen3_m2,7183.0,2581,7862686413bd95aba550a5d633efbed11e9a5c53511122ec8778d9a1d01a4956,10.1016/j.ejor.2013.02.049,gil262_gen3_m2.txt
Dang,Dang benchmark,gil262_gen3_m4,2507.0,2582,001b3231ee480ca0286fa11b090882adcaab19a967647704762011536b6c09f7,10.1016/j.ejor.2013.02.049,gil262_gen3_m4.txt
Dang,Dang benchmark,gil262a_m2,4078.0,2441,8dc373904a067284d1875c9403979e15b93726ad976a4851d8ac9c894f5a6977,10.1016/j.ejor.2013.02.049,gil262a_m2.txt
Dang,Dang benchmark,gil262a_m4,3175.0,2442,d3b59bde4792b08869b66e911c0dd5e3d1769227f713761a6d4744648b32f23b,10.1016/j.ejor.2013.02.049,gil262a_m4.txt
Dang,Dang benchmark,gil262b_m2,8081.0,2441,dab3b3ab8510bca6aa353fa8e6208df0b7b9973306afb6d220071ec719dc1726,10.1016/j.ejor.2013.02.049,gil262b_m2.txt
Dang,Dang benchmark,gil262b_m3,7585.0,2442,0e7d01f73602c9c188f78f6e85aac3852429065a8bd1850ae6c67a40a0738507,10.1016/j.ejor.2013.02.049,gil262b_m3.txt
Dang,Dang benchmark,gil262b_m4,6781.0,2442,08c8f47eecaea814dfd8939c79a07f50dd4938387c9a3f6c2d72b3ded1071a5e,10.1016/j.ejor.2013.02.049,gil262b_m4.txt
Dang,Dang benchmark,gil262c_m2,11030.0,2439,643a9fb0cd13d12d1c976f3cbf575e50b19ca3d1025bac35acf02e15d346575d,10.1016/j.ejor.2013.02.049,gil262c_m2.txt
Dang,Dang benchmark,gil262c_m3,10757.0,2442,469d509c6f774e2e823d7c6ff58f0c5257a49a1ffb540f75f5b3fd32d04a1d94,10.1016/j.ejor.2013.02.049,gil262c_m3.txt
Dang,Dang benchmark,gil262c_m4,10281.0,2439,0b0b1fabf37ab63246091d6c57c91d832c66a6d8fe40cd7d59f28c87a7d6865e,10.1016/j.ejor.2013.02.049,gil262c_m4.txt
Dang,Dang benchmark,gr229_gen1_m4,223.0,3271,1f72759985ecb938e07e06c0d7ef21c187eaac15bdb6f2353d160043d1bfe247,10.1016/j.ejor.2013.02.049,gr229_gen1_m4.txt
Dang,Dang benchmark,gr229_gen2_m3,11566.0,3482,35b944c891e4568b891d145b0dc2c26b353cfcf88c887acc150351dbb268b7d4,10.1016/j.ejor.2013.02.049,gr229_gen2_m3.txt
Dang,Dang benchmark,gr229_gen2_m4,11355.0,3481,456829428c5d2e407c4a33d682f9129b10631c7dde521906886c33de7a6811cc,10.1016/j.ejor.2013.02.049,gr229_gen2_m4.txt
Dang,Dang benchmark,gr229_gen3_m3,8056.0,3488,bed83afd30d01bd709574cc35e4d9662bdb2fb9e4bf5dd750d7a8a7832a3c8ac,10.1016/j.ejor.2013.02.049,gr229_gen3_m3.txt
Dang,Dang benchmark,gr229_gen3_m4,7651.0,3487,e64d4cd590763820d121b8dd490d9dbfd3446c021cf0dbe2e684166d995ce56e,10.1016/j.ejor.2013.02.049,gr229_gen3_m4.txt
Dang,Dang benchmark,kroA150_gen2_m2,4335.0,1838,b8addfbe3c839d3197f64da8ee3a31eda72e8eaef80dd9e0a0618cc72c286700,10.1016/j.ejor.2013.02.049,kroA150_gen2_m2.txt
Dang,Dang benchmark,kroA150_gen3_m3,2726.0,1854,553bea0e9ab56d78148c7d2169cc2f1e060583a346f7aadfa8e606a26e32552f,10.1016/j.ejor.2013.02.049,kroA150_gen3_m3.txt
Dang,Dang benchmark,kroA200_gen1_m4,81.0,2258,3e0a699052717ea2d5dc419ddba0b76f5dbe078b5f640198531b150840ff7341,10.1016/j.ejor.2013.02.049,kroA200_gen1_m4.txt
Dang,Dang benchmark,kroB200_gen1_m2,111.0,2267,bc3078fb6404bfe9b16c5eecab5bb4621be1310fc45e54e24360f9ec8e239d8a,10.1016/j.ejor.2013.02.049,kroB200_gen1_m2.txt
Dang,Dang benchmark,kroB200_gen2_m2,6185.0,2450,5de58c31b38aa677ef8f5ce1da01166f8421167115a3fe91bfc7e2bd42fa9e77,10.1016/j.ejor.2013.02.049,kroB200_gen2_m2.txt
Dang,Dang benchmark,kroB200_gen2_m4,4944.0,2451,fd31eb147fe83cb38cef9e43557c06780e4c889ee40ba026abe43f5d6798fe57,10.1016/j.ejor.2013.02.049,kroB200_gen2_m4.txt
Dang,Dang benchmark,kroB200_gen3_m2,4765.0,2461,04a08639aef81080b53d96ca0f6d7c91bff3b8f3cc2a6a003b05f909fcfc7566,10.1016/j.ejor.2013.02.049,kroB200_gen3_m2.txt
Dang,Dang benchmark,kroB200_gen3_m3,3028.0,2462,de736d1d6c27e18ea3db412ce7cc35ca56761eb1a0c1c03c3de81d6926787a30,10.1016/j.ejor.2013.02.049,kroB200_gen3_m3.txt
Dang,Dang benchmark,lin318_gen1_m2,180.0,3628,4b4d4d4cc2f9f9a9a8a3306ee4b544eb05211a302dde1aca8b5bc820e4bccf22,10.1016/j.ejor.2013.02.049,lin318_gen1_m2.txt
Dang,Dang benchmark,lin318_gen1_m3,149.0,3625,57df9e8b9b6afd46b3eb47a0d7d6c429f12217c67066169a4e7562da933ce44b,10.1016/j.ejor.2013.02.049,lin318_gen1_m3.txt
Dang,Dang benchmark,lin318_gen2_m2,9544.0,3919,ec28393a8e9310593a057b48d824e9b4db05db20013957bf58596a898c562c37,10.1016/j.ejor.2013.02.049,lin318_gen2_m2.txt
Dang,Dang benchmark,lin318_gen2_m3,7807.0,3916,504833ca739a87069af5800b5a50a0fefaa5530dd13adfb0978111b77c3e46c1,10.1016/j.ejor.2013.02.049,lin318_gen2_m3.txt
Dang,Dang benchmark,lin318_gen3_m2,7936.0,3940,878d50906f23fbf83d00ac8cb485e5c2b606d8ea043b943da23fb21456d9e8ae,10.1016/j.ejor.2013.02.049,lin318_gen3_m2.txt
Dang,Dang benchmark,lin318_gen3_m4,3797.0,3940,6339067f48c7dded7910f14e9ac87909f983592251b594130bfe6f683df924d9,10.1016/j.ejor.2013.02.049,lin318_gen3_m4.txt
Dang,Dang benchmark,pr136_gen1_m2,63.0,1755,98a6c64cfe4c90218ac8e9a3ea19ce13ca1e9c6d0f1f12e6d43d966f4d0f298d,10.1016/j.ejor.2013.02.049,pr136_gen1_m2.txt
Dang,Dang benchmark,pr136_gen2_m2,3646.0,1878,df009707d78705f2a4e5b6e11df7d3f7293cf5a86aca5d31e2fa9c7eaffec2a1,10.1016/j.ejor.2013.02.049,pr136_gen2_m2.txt
Dang,Dang benchmark,pr264_gen1_m4,107.0,3265,38c448b2834334d94d24159d27a0d4e94d13ae6ce0aa0a1d4c49bc3e71550b30,10.1016/j.ejor.2013.02.049,pr264_gen1_m4.txt
Dang,Dang benchmark,pr264_gen2_m2,6635.0,3507,89b585ffd573a83555969fdfc42f77d759e2f95c5823cfe2581682ddd8d884f5,10.1016/j.ejor.2013.02.049,pr264_gen2_m2.txt
Dang,Dang benchmark,pr264_gen2_m3,6420.0,3509,09bcadddee64981ebc717993f32068048c85da2b4720d8eb9a7f096cb34b5d10,10.1016/j.ejor.2013.02.049,pr264_gen2_m3.txt
Dang,Dang benchmark,pr264_gen2_m4,5584.0,3506,edd371728b5bbecd37566b19f76e52fb8cdf91d1090e45343ae49601d6418f20,10.1016/j.ejor.2013.02.049,pr264_gen2_m4.txt
Dang,Dang benchmark,pr264_gen3_m3,2772.0,3520,34d8c9266fea7ea89632db8c1e233531155e515e24aadac34e5bd30cf9abcf87,10.1016/j.ejor.2013.02.049,pr264_gen3_m3.txt
Dang,Dang benchmark,pr299_gen1_m2,139.0,3621,a7cadddeaefbf936c006c88d889dcd94acdc9707f6b9fd4b9e2c5a617a4edeca,10.1016/j.ejor.2013.02.049,pr299_gen1_m2.txt
Dang,Dang benchmark,pr299_gen1_m3,111.0,3620,7b87888b291bc6b977588b009728145043a2d6e8c331af516c8ffb4727ed23d2,10.1016/j.ejor.2013.02.049,pr299_gen1_m3.txt
Dang,Dang benchmark,pr299_gen1_m4,84.0,3620,d792847f4947047972aaae4bb5d832e6491495fe7348140ae3844ed2496d74c1,10.1016/j.ejor.2013.02.049,pr299_gen1_m4.txt
Dang,Dang benchmark,pr299_gen2_m3,6018.0,3894,830b6247f69b4061b73a9c1bc6a363ff247a043440e2094341f6522e8062f6b4,10.1016/j.ejor.2013.02.049,pr299_gen2_m3.txt
Dang,Dang benchmark,pr299_gen2_m4,4457.0,3894,05d82cbcf3a73a30568b783bbefe9f8efcdf422a32338844b67f4688f53f3bca,10.1016/j.ejor.2013.02.049,pr299_gen2_m4.txt
Dang,Dang benchmark,pr299_gen3_m2,5729.0,3915,ea6a91dffb7a8805517a63e8c14b472dcba05806524c2e5aa76e4011ae0b2153,10.1016/j.ejor.2013.02.049,pr299_gen3_m2.txt
Dang,Dang benchmark,pr299_gen3_m3,3655.0,3914,7762bcecfcee8dc249a444b1d9bb566bf468865f7e0e088bfd00678b8227c5e0,10.1016/j.ejor.2013.02.049,pr299_gen3_m3.txt
Dang,Dang benchmark,pr299_gen3_m4,2268.0,3914,be90bc219dc1b9f9052b09c53dd99436978b1f212ad8e9e091911e9c80397313,10.1016/j.ejor.2013.02.049,pr299_gen3_m4.txt
Dang,Dang benchmark,rat195_gen2_m2,5148.0,1919,65e3ca7d2c917b76245d4f8287b550ad24e96c754fadef05e488b0f1e41f4b7f,10.1016/j.ejor.2013.02.049,rat195_gen2_m2.txt
Dang,Dang benchmark,rat195_gen3_m3,2574.0,1936,f343886852449051d2a0709d9899eb0adef1e84623e75bbcef5092d496fa8cd8,10.1016/j.ejor.2013.02.049,rat195_gen3_m3.txt
Dang,Dang benchmark,rd400_gen1_m2,232.0,7155,3e2e3d6fc5db6787bf976bbfc616b0d0b7ab19fcf7e005bbd96013b255436b71,10.1016/j.ejor.2013.02.049,rd400_gen1_m2.txt
Dang,Dang benchmark,rd400_gen1_m3,224.0,7153,4300367c153cf9e96d10c1b646565f9bb3914edd72de5789aec2d61221b4500b,10.1016/j.ejor.2013.02.049,rd400_gen1_m3.txt
Dang,Dang benchmark,rd400_gen1_m4,213.0,7156,de074062adf271711039e51830df2de8e5881c13033dad8fb7b93ab1ec866e21,10.1016/j.ejor.2013.02.049,rd400_gen1_m4.txt
Dang,Dang benchmark,rd400_gen2_m2,13045.0,7522,5272cc94d21452be7e19a09ddf2abd5d85e12abf65eb4f34e3fd617630602e6b,10.1016/j.ejor.2013.02.049,rd400_gen2_m2.txt
Dang,Dang benchmark,rd400_gen2_m3,12646.0,7520,20c0109866ba25d3868e99efc49e0817a76b4bc151885601f03fffa4a10040bd,10.1016/j.ejor.2013.02.049,rd400_gen2_m3.txt
Dang,Dang benchmark,rd400_gen2_m4,12032.0,7523,a402c68fc2540c6cdd4e89b132ef75e52dba387810ecddc67057a64f9b7e7e87,10.1016/j.ejor.2013.02.049,rd400_gen2_m4.txt
Dang,Dang benchmark,rd400_gen3_m2,12431.0,7550,f0581de1cc9f0bbd61310ea6422f2bd30e952245807512ed34bb06dc015c378c,10.1016/j.ejor.2013.02.049,rd400_gen3_m2.txt
Dang,Dang benchmark,rd400_gen3_m3,11639.0,7548,e0a129fc4a9a990d56ce7a49571faa392f00341a037b5b1fde3391f473a9e6bb,10.1016/j.ejor.2013.02.049,rd400_gen3_m3.txt
Dang,Dang benchmark,rd400_gen3_m4,10436.0,7551,f2fd1fb8c2a15d2837fed27e3912364e1807c57bb5a083a82feecfc485b5c786,10.1016/j.ejor.2013.02.049,rd400_gen3_m4.txt
Dang,Dang benchmark,ts225_gen2_m2,5859.0,3189,10a6e52b81c090d4fe1fba1433b904ce46de8cd0ec80b87b3c82ebea43f66018,10.1016/j.ejor.2013.02.049,ts225_gen2_m2.txt
Chao,Set 4,p4.2.a,206.0,1717,12cec2760894f41c4518ecd82919d02e333ffa0745da7e98ee5a9c66ecc9508f,10.1016/0377-2217(94)00289-4,Set 4/p4.2.a.txt
Chao,Set 4,p4.2.b,341.0,1717,09db349cbfcd5d41c10451c32241f72a2f0b8fbd39b5dd7f5106df7a528754ac,10.1016/0377-2217(94)00289-4,Set 4/p4.2.b.txt
Chao,Set 4,p4.2.c,452.0,1717,a7f217293608a687ff493b0b3fc07a666685ff60d0ccfe3178faeb7b902f74b1,10.1016/0377-2217(94)00289-4,Set 4/p4.2.c.txt
Chao,Set 4,p4.2.d,531.0,1717,41cc92145a35a93abf4a6fb996753f7f91e5db218fab2df6debaf47eee1b92e7,10.1016/0377-2217(94)00289-4,Set 4/p4.2.d.txt
Chao,Set 4,p4.2.e,618.0,1717,06749060f46151e10fc3b43f0b30bc0891f7753dccea087fcd953750cefa0dcf,10.1016/0377-2217(94)00289-4,Set 4/p4.2.e.txt
Chao,Set 4,p4.2.f,687.0,1717,24fc3ba0b63af11a2f94ac76e9664b835bfd0dfcbe739ca8f5108e8e00c25c30,10.1016/0377-2217(94)00289-4,Set 4/p4.2.f.txt
Chao,Set 4,p4.2.g,757.0,1717,8891093d163d99662e747212012359bc152efc23b1721fa18652f6ba39a187bd,10.1016/0377-2217(94)00289-4,Set 4/p4.2.g.txt
Chao,Set 4,p4.2.h,835.0,1717,5901e8c951cee36d24df8080fa8e40ec92ad415957e17676926f5bf6f7e9d2eb,10.1016/0377-2217(94)00289-4,Set 4/p4.2.h.txt
Chao,Set 4,p4.2.i,918.0,1717,a2c639da3d5e89e6438433ec0cff8db4c0606842deb7b17673e740e5693bd1f5,10.1016/0377-2217(94)00289-4,Set 4/p4.2.i.txt
Chao,Set 4,p4.2.j,965.0,1717,a924f68596e096e45ab9663c895969f5d58fc912343c777c992f3460937dcdda,10.1016/0377-2217(94)00289-4,Set 4/p4.2.j.txt
Chao,Set 4,p4.2.k,1022.0,1717,cdc2aa9f71053b80e2378facb048998651fc321e367e3000d18faa70879aa47f,10.1016/0377-2217(94)00289-4,Set 4/p4.2.k.txt
Chao,Set 4,p4.2.l,1074.0,1717,38d16d2115fdafb186647d66b3a7a5f2677cbe2d09b5b881ef38ad0dfd610e46,10.1016/0377-2217(94)00289-4,Set 4/p4.2.l.txt
Chao,Set 4,p4.2.m,1132.0,1717,1c0cbc328c84b4c99a678b95509f1f86f63adc5c142ed8524eef77fc148b4ac1,10.1016/0377-2217(94)00289-4,Set 4/p4.2.m.txt
Chao,Set 4,p4.2.n,1174.0,1717,c868045b6118a2295e87437de377a4e96375be9b1491e174340b6bf23aebb618,10.1016/0377-2217(94)00289-4,Set 4/p4.2.n.txt
Chao,Set 4,p4.2.o,1218.0,1717,a99a7cd4388069e5fed0a3a8af88518ddf6a992b48242e4a4c7d2b0ff6ec8da1,10.1016/0377-2217(94)00289-4,Set 4/p4.2.o.txt
Chao,Set 4,p4.2.p,1242.0,1718,4c824a3ca90661ab40c8aff77d96a83875cae663fc595adbccce142b98f04e27,10.1016/0377-2217(94)00289-4,Set 4/p4.2.p.txt
Chao,Set 4,p4.2.q,1268.0,1718,2cc4f77c1a321fbbc96fdaac3ed989bd04248f5b10afddaf38f1442aa3a8884c,10.1016/0377-2217(94)00289-4,Set 4/p4.2.q.txt
Chao,Set 4,p4.2.r,1292.0,1718,5dd9fb253ae9bf63f3eddff2d94f13f805702446bd234943afceb01f5460da56,10.1016/0377-2217(94)00289-4,Set 4/p4.2.r.txt
Chao,Set 4,p4.2.s,1304.0,1718,cfee48cd7a2d5662fcb93daa3c5992de31e402b9e54741bf395fa35355e918e9,10.1016/0377-2217(94)00289-4,Set 4/p4.2.s.txt
Chao,Set 4,p4.2.t,1306.0,1718,4fd691f6aabe53a01ea7ef9660b28a44a06075303be429e212a7be05bb078eb5,10.1016/0377-2217(94)00289-4,Set 4/p4.2.t.txt
Chao,Set 4,p4.3.c,193.0,1717,01e28c841c3905cf2bbbe86a529e9413749d7d32e2fbd1b2f0929a0ffe843900,10.1016/0377-2217(94)00289-4,Set 4/p4.3.c.txt
Chao,Set 4,p4.3.d,335.0,1717,dafee21503b7a4c94a5a63fc542367d5143399c260a483645887a5d7f538b0fb,10.1016/0377-2217(94)00289-4,Set 4/p4.3.d.txt
Chao,Set 4,p4.3.e,468.0,1717,a4d94015986dcfec27979496996a3beaa4f6ce26bc9cc305473ecaff1f14202b,10.1016/0377-2217(94)00289-4,Set 4/p4.3.e.txt
Chao,Set 4,p4.3.f,579.0,1717,3c28ff1b681482520e31b2bd6f58a1238d6eaffc23e025506c2044d392579eb3,10.1016/0377-2217(94)00289-4,Set 4/p4.3.f.txt
Chao,Set 4,p4.3.g,653.0,1717,43d5a564a52f243705b8a4c941137bd2dab7ba17c086a1372c0b010ac2586bc5,10.1016/0377-2217(94)00289-4,Set 4/p4.3.g.txt
Chao,Set 4,p4.3.h,729.0,1717,655ad3ec278e9d4e5d11525d76a1fda6f0f7a7383daf68b4a922e62df49f2d2e,10.1016/0377-2217(94)00289-4,Set 4/p4.3.h.txt
Chao,Set 4,p4.3.i,809.0,1717,dbe07cd38fa8d49c3685d13efb804c52684cfbe615c0257bf7eaadc4441beae6,10.1016/0377-2217(94)00289-4,Set 4/p4.3.i.txt
Chao,Set 4,p4.3.j,861.0,1717,00c91b0500d30dc09ca3714cc5d281217266b9053f7c2c9638a6509cfee4dfb3,10.1016/0377-2217(94)00289-4,Set 4/p4.3.j.txt
Chao,Set 4,p4.3.k,919.0,1717,5733515b716d83edd87aeb77061892191e201dca08e3235acf9cb2983a7a4c41,10.1016/0377-2217(94)00289-4,Set 4/p4.3.k.txt
Chao,Set 4,p4.3.l,979.0,1717,edf8081a193cc856c439d4fd62955ad3511d770c6d8538b7485381e57fc043fb,10.1016/0377-2217(94)00289-4,Set 4/p4.3.l.txt
Chao,Set 4,p4.3.m,1063.0,1717,c0e1b194ffe97091f1227f608936ed9eb5611990e5566bd1e5a4a47b15005580,10.1016/0377-2217(94)00289-4,Set 4/p4.3.m.txt
Chao,Set 4,p4.3.n,1121.0,1717,f4542f56c235d1b3dab8a8be78a508337b900e5178fdb6a719b12a48404d771a,10.1016/0377-2217(94)00289-4,Set 4/p4.3.n.txt
Chao,Set 4,p4.3.o,1172.0,1717,5b272b0d9e0bf3941a14a6212cb6714e09b7dae01c56e627169ef4a08dc36e01,10.1016/0377-2217(94)00289-4,Set 4/p4.3.o.txt
Chao,Set 4,p4.3.p,1222.0,1717,a3492b8e522330bf98c5c0577614a95bc36eb4526063f7d7b3f2cd4945b6f1bc,10.1016/0377-2217(94)00289-4,Set 4/p4.3.p.txt
Chao,Set 4,p4.3.q,1253.0,1717,d6dc02d88785ee910250512be6e7afe19da5de014a68e95356ee50c18986d11b,10.1016/0377-2217(94)00289-4,Set 4/p4.3.q.txt
Chao,Set 4,p4.3.r,1273.0,1717,1b9d1eff6b98b768e46dea8674b80c7d50084c0798f2b817757bb0465bfb7717,10.1016/0377-2217(94)00289-4,Set 4/p4.3.r.txt
Chao,Set 4,p4.3.s,1295.0,1717,f382818b02cb28a3ad1e0a55035abcc10ed8d32dc97500b00811c3fb38711a12,10.1016/0377-2217(94)00289-4,Set 4/p4.3.s.txt
Chao,Set 4,p4.3.t,1305.0,1717,d765567d2362fec44e946cb86dadd0b2acb3b2de3a6d67c354972b5159cc76e6,10.1016/0377-2217(94)00289-4,Set 4/p4.3.t.txt
Chao,Set 4,p4.4.e,183.0,1717,14d95f5bac2741c3a6efb42b6407bd605eb89c42ec9e43ae0438e8daa7828cba,10.1016/0377-2217(94)00289-4,Set 4/p4.4.e.txt
Chao,Set 4,p4.4.f,324.0,1717,584954e9cd608e63829a2d7f99b3bdb11d21390ce65b7f1079effb2d84d5e30a,10.1016/0377-2217(94)00289-4,Set 4/p4.4.f.txt
Chao,Set 4,p4.4.g,461.0,1717,e37d878388984b42afbb5f0c7b32aa78e145c63bd7c15ca89e260eb4d42bde63,10.1016/0377-2217(94)00289-4,Set 4/p4.4.g.txt
Chao,Set 4,p4.4.h,571.0,1717,160d90c642f920676b59be7a3d4fbe53cd450c9437abd8603a0a440283a1e578,10.1016/0377-2217(94)00289-4,Set 4/p4.4.h.txt
Chao,Set 4,p4.4.i,657.0,1717,d9f6d13876c3962949237ca742f68499fe92d2ac266463c1ce5323b4b44562b2,10.1016/0377-2217(94)00289-4,Set 4/p4.4.i.txt
Chao,Set 4,p4.4.j,732.0,1717,6369387f9220ade3903029d9a0d730f36df17abf5b3a5179ce697398adfe8b28,10.1016/0377-2217(94)00289-4,Set 4/p4.4.j.txt
Chao,Set 4,p4.4.k,821.0,1717,046555c6405f29f6a71b239da62de153b1254cb6ab3fef984a526f6e728f471e,10.1016/0377-2217(94)00289-4,Set 4/p4.4.k.txt
Chao,Set 4,p4.4.l,880.0,1717,fb197b4bb2936ee7b2ad923d03f22d781039270221afff2239177f2277534018,10.1016/0377-2217(94)00289-4,Set 4/p4.4.l.txt
Chao,Set 4,p4.4.m,919.0,1717,f247b25c99ea37789a6d0128003ea733d15aea27a8460740ce752813cb9c48c9,10.1016/0377-2217(94)00289-4,Set 4/p4.4.m.txt
Chao,Set 4,p4.4.n,976.0,1717,b4de735c239fb322d7507b06c2635a21ae8508bad300591eda4baed0164092a7,10.1016/0377-2217(94)00289-4,Set 4/p4.4.n.txt
Chao,Set 4,p4.4.o,1061.0,1717,e638129d828c51bb948cc676d70c488650ac04caf6f00865c3dc8ed66d9c8617,10.1016/0377-2217(94)00289-4,Set 4/p4.4.o.txt
Chao,Set 4,p4.4.p,1124.0,1717,5f9f9272ffd13b3757fc80529ca43d9e947b42b6c7c3caa6286b2c1365c63faa,10.1016/0377-2217(94)00289-4,Set 4/p4.4.p.txt
Chao,Set 4,p4.4.q,1161.0,1717,d2a05b15a8dc9cebda91379332eff05f0d10e4525f300f41fe2baaeb700c8546,10.1016/0377-2217(94)00289-4,Set 4/p4.4.q.txt
Chao,Set 4,p4.4.r,1216.0,1717,c909395b0e20ac2874a53285e565579267d5ea5d4685b52f576325bcbac8d6b7,10.1016/0377-2217(94)00289-4,Set 4/p4.4.r.txt
Chao,Set 4,p4.4.s,1260.0,1717,8c4e6b3a7130d917e7927cb753b7da9681b43a5704360a142de39f883c7c72ae,10.1016/0377-2217(94)00289-4,Set 4/p4.4.s.txt
Chao,Set 4,p4.4.t,1285.0,1717,36aa4f861de5693b956bcea9130a2e957cbdb7f26af4371be2a0ad77aed485c7,10.1016/0377-2217(94)00289-4,Set 4/p4.4.t.txt
Chao,Set 5,p5.2.h,410.0,1137,3f154373748663cb1f04a54334a635e41b6260a14e68f26f482c7c3be38ffa04,10.1016/0377-2217(94)00289-4,Set 5/p5.2.h.txt
Chao,Set 5,p5.2.j,580.0,1137,f8d5293b900b0df5090619dbe2dc645298f3ffcceec3626ea257cea69d0df761,10.1016/0377-2217(94)00289-4,Set 5/p5.2.j.txt
Chao,Set 5,p5.2.k,670.0,1137,f1f7dcdeeda4a56ee8150fa2d130a6aed22f83454af8769d0d4c468de4a752b6,10.1016/0377-2217(94)00289-4,Set 5/p5.2.k.txt
Chao,Set 5,p5.2.l,800.0,1137,af337ef10bc08ecd5ee5593092b24fc198c3a1326467cc45b85fc481dc2b2a1a,10.1016/0377-2217(94)00289-4,Set 5/p5.2.l.txt
Chao,Set 5,p5.2.m,860.0,1137,3dd60e23ec2a2579579618baa314593954b1a02bdb85dd1bfd2dd6e86ff27ed3,10.1016/0377-2217(94)00289-4,Set 5/p5.2.m.txt
Chao,Set 5,p5.2.n,925.0,1137,22631d3591109ab91496a96d7f774952bc86501e0fdbdb3eb20bb1f6dd18c8e6,10.1016/0377-2217(94)00289-4,Set 5/p5.2.n.txt
Chao,Set 5,p5.2.o,1020.0,1137,24b5362839e2dda6bc977b9b223100da1a3a024ffd964cc05192c8d964c89c9f,10.1016/0377-2217(94)00289-4,Set 5/p5.2.o.txt
Chao,Set 5,p5.2.p,1150.0,1137,7b0aa238687d6eddcf60e349d915cd11fa5064040117854ee4527ca179d9528b,10.1016/0377-2217(94)00289-4,Set 5/p5.2.p.txt
Chao,Set 5,p5.2.q,1195.0,1137,5590da98083fcf392e69707b8db1846a41f381f904e25e34fd72f53b3485e4d6,10.1016/0377-2217(94)00289-4,Set 5/p5.2.q.txt
Chao,Set 5,p5.2.r,1260.0,1137,f8f5afba948020025f494a185e830a530638786eff723fa8f98d439dbfd17d5b,10.1016/0377-2217(94)00289-4,Set 5/p5.2.r.txt
Chao,Set 5,p5.2.s,1340.0,1137,20f262a831cf309fb10b62bd64f55761403af33d6bf0646ce272a0c4ced3ba33,10.1016/0377-2217(94)00289-4,Set 5/p5.2.s.txt
Chao,Set 5,p5.2.t,1400.0,1137,2e597c9fbcc067139125ac50faa38e920c2ca07e22966946188ec841726f8984,10.1016/0377-2217(94)00289-4,Set 5/p5.2.t.txt
Chao,Set 5,p5.2.u,1460.0,1137,11e058988d7e18f22cf3530175ee60a3cfbcf962fa2c75b9607adbe8dcf7ab70,10.1016/0377-2217(94)00289-4,Set 5/p5.2.u.txt
Chao,Set 5,p5.2.v,1505.0,1137,734190c4feebe8b423b3363bd5443efd8b34368ddd9fe8d8ad3a865a4986d8f1,10.1016/0377-2217(94)00289-4,Set 5/p5.2.v.txt
Chao,Set 5,p5.2.w,1565.0,1137,5d2acda02c995a2d52a5389ffb9f1a0455aadd8b88edff70282c3cc4f5bb74ab,10.1016/0377-2217(94)00289-4,Set 5/p5.2.w.txt
Chao,Set 5,p5.2.x,1610.0,1137,5574552b14384fd56e613612e169004a998a2385e1876e15bca2bd6e3db8c951,10.1016/0377-2217(94)00289-4,Set 5/p5.2.x.txt
Chao,Set 5,p5.2.y,1645.0,1137,10e566bb002f0456a57ca22486836e71b2c0ed3b481c1796a2f163a3159eb10c,10.1016/0377-2217(94)00289-4,Set 5/p5.2.y.txt
Chao,Set 5,p5.2.z,1680.0,1137,066d1cd3f11a3ed0ff2916feb72daeac56760ac577fd9c8a45f74e37b8eb049e,10.1016/0377-2217(94)00289-4,Set 5/p5.2.z.txt
Chao,Set 5,p5.3.k,495.0,1137,88a66599bf3375e52f5ea071825df642ada2323b7770eae61a81f1898c0f3dc9,10.1016/0377-2217(94)00289-4,Set 5/p5.3.k.txt
Chao,Set 5,p5.3.l,595.0,1137,ca4e1f2a6e447c311c044751269c4c2775c78fc345e1f282c43b512af427aac1,10.1016/0377-2217(94)00289-4,Set 5/p5.3.l.txt
Chao,Set 5,p5.3.n,755.0,1137,59319b2e5e8da480d1cb379c751a3f20d4024af566af096a449d0a99b6ec5576,10.1016/0377-2217(94)00289-4,Set 5/p5.3.n.txt
Chao,Set 5,p5.3.o,870.0,1137,5231491ea82dee24cc34c5e332ded220ec6301c7d9890321b38b83a0882b4e4e,10.1016/0377-2217(94)00289-4,Set 5/p5.3.o.txt
Chao,Set 5,p5.3.q,1070.0,1137,7af5a131ad5749f5bd5846f393080699a38652d5687547681de6ec0962421995,10.1016/0377-2217(94)00289-4,Set 5/p5.3.q.txt
Chao,Set 5,p5.3.r,1125.0,1137,7da8e383db28a2b699ada2d77dc7312f88ce57aa231e0fb95038ef9314c6a782,10.1016/0377-2217(94)00289-4,Set 5/p5.3.r.txt
Chao,Set 5,p5.3.s,1190.0,1137,5bc0593985c2e2f8befce5ecae2ad6eaeb1908fcc62c80f7366c33e039049c64,10.1016/0377-2217(94)00289-4,Set 5/p5.3.s.txt
Chao,Set 5,p5.3.t,1260.0,1137,1e10b1f3d7f2659ccf576b5ed0cd656d8bf36fbaa6e7405a282e11f28a4ca67e,10.1016/0377-2217(94)00289-4,Set 5/p5.3.t.txt
Chao,Set 5,p5.3.u,1345.0,1137,752f043c02a803d62ad2dd316dbdea14a13a817efa87fe1ce3e778cfc64ed4b0,10.1016/0377-2217(94)00289-4,Set 5/p5.3.u.txt
Chao,Set 5,p5.3.v,1425.0,1137,48eab8e021ec6a5676b1af33f213b5328c60513a2dacb6c1ee160f35e9b56ff5,10.1016/0377-2217(94)00289-4,Set 5/p5.3.v.txt
Chao,Set 5,p5.3.w,1485.0,1137,ec60f9f0784f177565df7862ce32208bfc9399de31d663bc74af7fdffbf3e24e,10.1016/0377-2217(94)00289-4,Set 5/p5.3.w.txt
Chao,Set 5,p5.3.x,1555.0,1137,8f6593c129fa10fbc9d8c9c0586404346726c6d4ef01cb8941b0067ed719cb8e,10.1016/0377-2217(94)00289-4,Set 5/p5.3.x.txt
Chao,Set 5,p5.3.y,1595.0,1137,9e9da9162d3e0ed9ec842dd5d0983a83b323f1a18e96c9d2b81eade7539c2865,10.1016/0377-2217(94)00289-4,Set 5/p5.3.y.txt
Chao,Set 5,p5.3.z,1635.0,1137,57bfaacbf506c841d5357b181e07c5e98b918149405d9b8e20366ddb0f27e017,10.1016/0377-2217(94)00289-4,Set 5/p5.3.z.txt
Chao,Set 5,p5.4.m,555.0,1137,07b8aa5ce4832bbbf76da1a8d52fa18aaa73f60cdceb38a510e3102535d16c6c,10.1016/0377-2217(94)00289-4,Set 5/p5.4.m.txt
Chao,Set 5,p5.4.o,690.0,1137,f9c0551187b516c39576d9140c3edaa88a64d5b99014136f55fcd7d3fe6b18ff,10.1016/0377-2217(94)00289-4,Set 5/p5.4.o.txt
Chao,Set 5,p5.4.p,765.0,1137,2d1e7f3855cf9c45e9c68228b94bb7bcee02a8e49e98ae2d2d238617af28c5be,10.1016/0377-2217(94)00289-4,Set 5/p5.4.p.txt
Chao,Set 5,p5.4.q,860.0,1137,acb6f1269de34c2dc32cdc625fa90a558d3de55cb811687c7237680563a9c6ef,10.1016/0377-2217(94)00289-4,Set 5/p5.4.q.txt
Chao,Set 5,p5.4.r,960.0,1137,657523b1e4262003ecbcd7c6c81a2795f784292799bd4fbb29a36f119c327613,10.1016/0377-2217(94)00289-4,Set 5/p5.4.r.txt
Chao,Set 5,p5.4.s,1030.0,1137,64e5b121f6e07cba7890c84f123b95d1701c1ed62b0f45a0ce688161dbc301ec,10.1016/0377-2217(94)00289-4,Set 5/p5.4.s.txt
Chao,Set 5,p5.4.t,1160.0,1137,616668a82007138de02630464af6b1466d8edebacacdfc77784d60683f439a01,10.1016/0377-2217(94)00289-4,Set 5/p5.4.t.txt
Chao,Set 5,p5.4.u,1300.0,1137,35ca4af04774ccf58f38a009f4f4aa9601cbf07e7dac202377f3b19942976254,10.1016/0377-2217(94)00289-4,Set 5/p5.4.u.txt
Chao,Set 5,p5.4.v,1320.0,1137,f7fc12016c9e268aa6648885569868630bce96f4df363aeab7bf74d70536312e,10.1016/0377-2217(94)00289-4,Set 5/p5.4.v.txt
Chao,Set 5,p5.4.w,1390.0,1137,011d8087a2ea0ee72d7dc19e93a9c67196f7eb4f0c42ab2d189b66d828d2650d,10.1016/0377-2217(94)00289-4,Set 5/p5.4.w.txt
Chao,Set 5,p5.4.x,1450.0,1137,95198ec098ab1e9c5ca627938be6f1255fecc6769cfbb455118a1ebb88dfc1f7,10.1016/0377-2217(94)00289-4,Set 5/p5.4.x.txt
Chao,Set 5,p5.4.y,1520.0,1137,81fc27f0d62ea926c9a2948051f468969dc0a7521acba49337033be073c6ac0d,10.1016/0377-2217(94)00289-4,Set 5/p5.4.y.txt
Chao,Set 5,p5.4.z,1620.0,1137,bdc4942cd68cb0c6ddd7af9fecf99561ff6273c071fe746f44600c4d255d3905,10.1016/0377-2217(94)00289-4,Set 5/p5.4.z.txt
Chao,Set 6,p6.2.d,192.0,1094,ffa30ee4d3d7a555153ba1fb582eefbc3e7dded3539f3b2b8f158e51751c911c,10.1016/0377-2217(94)00289-4,Set 6/p6.2.d.txt
Chao,Set 6,p6.2.j,948.0,1094,296862dc1047e09dc1b6f525c0081321abdf53354e70f8cb60dcbc9bf64ebb2a,10.1016/0377-2217(94)00289-4,Set 6/p6.2.j.txt
Chao,Set 6,p6.2.l,1116.0,1094,ba140ca1e21ebffd7019f215a98a11d188b315faa2d30b5fef00ab842e222ebe,10.1016/0377-2217(94)00289-4,Set 6/p6.2.l.txt
Chao,Set 6,p6.2.m,1188.0,1094,d5a5d95c0dbc6c2dcb557f3ec98b57e56d01252eabae93b723198a711a424c8d,10.1016/0377-2217(94)00289-4,Set 6/p6.2.m.txt
Chao,Set 6,p6.2.n,1260.0,1094,5b36a7e5c6a2158904d024d921ee30d15d13279b548780801b3a93fee811b165,10.1016/0377-2217(94)00289-4,Set 6/p6.2.n.txt
Chao,Set 6,p6.3.g,282.0,1094,0351bc8761f811e99622a53a189badbb2506ca8c49eb6dc01001d5fe19e1a679,10.1016/0377-2217(94)00289-4,Set 6/p6.3.g.txt
Chao,Set 6,p6.3.h,444.0,1094,50ab0ccb2d46786608661a0b349d800ccd5350c459772553a72dddaf14101a40,10.1016/0377-2217(94)00289-4,Set 6/p6.3.h.txt
Chao,Set 6,p6.3.i,642.0,1094,30ca2e1f67b5c19e4a23c368bf31e77a4f36c645c9804475d68369e7b6683865,10.1016/0377-2217(94)00289-4,Set 6/p6.3.i.txt
Chao,Set 6,p6.3.k,894.0,1094,1af83716a49fca0419ccf16a732dbb42b5c948a2206ecd01852d25548f2bce3f,10.1016/0377-2217(94)00289-4,Set 6/p6.3.k.txt
Chao,Set 6,p6.3.l,1002.0,1094,004ceb63d945c471d6daa23db41598f001d04e6584dc38ade0274b964290d430,10.1016/0377-2217(94)00289-4,Set 6/p6.3.l.txt
Chao,Set 6,p6.3.m,1080.0,1094,2477635b35fa516c284ed5c8baa9bdc32233fa4bdc453b9a93b775e4998d9bae,10.1016/0377-2217(94)00289-4,Set 6/p6.3.m.txt
Chao,Set 6,p6.3.n,1170.0,1094,ff5aafbe55ae3a1ece3360b10ad089abb3d77f4ff337b47f04d5118b1649a6e7,10.1016/0377-2217(94)00289-4,Set 6/p6.3.n.txt
Chao,Set 6,p6.4.j,366.0,1094,4e942cc438d427d6ceb0dc27a46eab8d1cc77c40de39dd2c8d1a45f7a6a85b31,10.1016/0377-2217(94)00289-4,Set 6/p6.4.j.txt
Chao,Set 6,p6.4.k,528.0,1094,89687b31da1cacadfde4378decd09af6feaa2655bdc29717ff69b4fbc2e482cb,10.1016/0377-2217(94)00289-4,Set 6/p6.4.k.txt
Chao,Set 6,p6.4.l,696.0,1094,a29882d5faf5c369da6f64a48343cad6bc79187df800b2977b025184c4697968,10.1016/0377-2217(94)00289-4,Set 6/p6.4.l.txt
Chao,Set 7,p7.2.d,190.0,1807,6b51649d9567c94ea8d42f19586c6dfb2866050a48841fbaf548b3d67cb9231c,10.1016/0377-2217(94)00289-4,Set 7/p7.2.d.txt
Chao,Set 7,p7.2.e,290.0,1807,26dca39a4ab7efa64a3024192edb345b0b9c08e1023bf7d228ec00664843669f,10.1016/0377-2217(94)00289-4,Set 7/p7.2.e.txt
Chao,Set 7,p7.2.f,387.0,1807,1007d22ce675ce068c34a69b8f404f4e98481f17c492070ad3df496023e9f264,10.1016/0377-2217(94)00289-4,Set 7/p7.2.f.txt
Chao,Set 7,p7.2.g,459.0,1807,8682038a1341ac44802c8d9b47e99bd60f8b7d6216fe265e818904a9a17f40ae,10.1016/0377-2217(94)00289-4,Set 7/p7.2.g.txt
Chao,Set 7,p7.2.h,521.0,1807,8bd565fcf9fcb39fd0848f9ad81fdee3db94f09c1d42940a5cda787df47c88af,10.1016/0377-2217(94)00289-4,Set 7/p7.2.h.txt
Chao,Set 7,p7.2.i,580.0,1807,9c78c357b5596ab473f78ce7aafaf4aaac26379d06d84ef2afb55e6d3c832c29,10.1016/0377-2217(94)00289-4,Set 7/p7.2.i.txt
Chao,Set 7,p7.2.j,646.0,1808,8bcee35c4ab626c74ab6d035344c822aac31db92f4afc2d055fe01ab13095edb,10.1016/0377-2217(94)00289-4,Set 7/p7.2.j.txt
Chao,Set 7,p7.2.k,705.0,1808,145317e46ea6412927a00687f5e31dcd03f875baee85ee1c485f4793bcd43e79,10.1016/0377-2217(94)00289-4,Set 7/p7.2.k.txt
Chao,Set 7,p7.2.l,767.0,1808,164dc4470829d71823803b91eebe0485388aa396505657ced3305532644a5f41,10.1016/0377-2217(94)00289-4,Set 7/p7.2.l.txt
Chao,Set 7,p7.2.m,827.0,1808,8914f1f1d7b419556c676c89ef0d2a16c2e7a204a8c5585ad04808a12ff831ee,10.1016/0377-2217(94)00289-4,Set 7/p7.2.m.txt
Chao,Set 7,p7.2.n,888.0,1808,8255ba2024816cb44a6580f5dedf7e75758670d9e0435c8853a54b9c338b3052,10.1016/0377-2217(94)00289-4,Set 7/p7.2.n.txt
Chao,Set 7,p7.2.o,945.0,1808,6f146169dbf3551e2b301f965094900e9df74fdee6d24038ca9c7d745fb8c21d,10.1016/0377-2217(94)00289-4,Set 7/p7.2.o.txt
Chao,Set 7,p7.2.p,1002.0,1808,b3851d132ad3510257d227b6c6bd897f2083457974a9e0456598f452a617ee0a,10.1016/0377-2217(94)00289-4,Set 7/p7.2.p.txt
Chao,Set 7,p7.2.q,1044.0,1808,98b0683b49756d0c6f7dbfb88e2c792b1389ecf2b4481e0636c60dec85d4c3db,10.1016/0377-2217(94)00289-4,Set 7/p7.2.q.txt
Chao,Set 7,p7.2.r,1094.0,1808,a30132e31717119c988795732bb60613159d48b0c7874813bc22aaf4321adc15,10.1016/0377-2217(94)00289-4,Set 7/p7.2.r.txt
Chao,Set 7,p7.2.s,1136.0,1808,50c3193cafe1097154f2ce7f514f565d49cb70162b014d8cb9a1c350123c43b2,10.1016/0377-2217(94)00289-4,Set 7/p7.2.s.txt
Chao,Set 7,p7.2.t,1179.0,1808,a3aa3bd5865db3f893bbeee42c1b20496ed0f20ddb820496c569113d26aab206,10.1016/0377-2217(94)00289-4,Set 7/p7.2.t.txt
Chao,Set 7,p7.3.h,425.0,1807,91c657afe14094190d29d4a3ab0ff658a24f1e4abadcdeb13aa0d66cf6578c13,10.1016/0377-2217(94)00289-4,Set 7/p7.3.h.txt
Chao,Set 7,p7.3.i,487.0,1807,3ec5100da28ef992e0869d490f3229e8abb1e4ecf6d254e33917a0f27c726c7f,10.1016/0377-2217(94)00289-4,Set 7/p7.3.i.txt
Chao,Set 7,p7.3.j,564.0,1807,2d7f6e5708b93ae99413b392569f5479dbd5bee8e4dd115ef33d7a65a26d4472,10.1016/0377-2217(94)00289-4,Set 7/p7.3.j.txt
Chao,Set 7,p7.3.k,633.0,1807,3e15c4459021237b959291473b9006cbd1fe2fd5585b67c546f43a84f6d2d774,10.1016/0377-2217(94)00289-4,Set 7/p7.3.k.txt
Chao,Set 7,p7.3.l,684.0,1807,5942dab76b355af534bb2218c8e48b83ce2a6e30823b5e8168cb28d8c2b8a7e5,10.1016/0377-2217(94)00289-4,Set 7/p7.3.l.txt
Chao,Set 7,p7.3.m,762.0,1807,9af455e27e0dd5557b3e9f61ff82b584f4920a68032ed46b15b83721cae26bd9,10.1016/0377-2217(94)00289-4,Set 7/p7.3.m.txt
Chao,Set 7,p7.3.n,820.0,1807,696d142fcf382a06e0bee357b8d2b977733a027dcf17ef3ccde2d27a61d2f3ca,10.1016/0377-2217(94)00289-4,Set 7/p7.3.n.txt
Chao,Set 7,p7.3.o,874.0,1808,87602d5eb4eba46cb5809d4c5945a539234728809c8c9a565e7b3aa717abc022,10.1016/0377-2217(94)00289-4,Set 7/p7.3.o.txt
Chao,Set 7,p7.3.p,929.0,1808,7315c8beada62bd5edbf3200ecb8adbdc6711361c8b4ec20ad2e149bd450eed8,10.1016/0377-2217(94)00289-4,Set 7/p7.3.p.txt
Chao,Set 7,p7.3.q,987.0,1808,f4a08a7f8d1a7e87eb05c4e26f8c9a55e03678ffc94ee77fe476da467d56761c,10.1016/0377-2217(94)00289-4,Set 7/p7.3.q.txt
Chao,Set 7,p7.3.r,1026.0,1808,aff9ce7423f45f7cbc368322915b206dedb45bc869237f3510e5d7431174f2ea,10.1016/0377-2217(94)00289-4,Set 7/p7.3.r.txt
Chao,Set 7,p7.3.s,1081.0,1808,d207efa6ab85b34806a00d1c14e0a3bbadce40d0cae4eba8ed99c5b3673a807d,10.1016/0377-2217(94)00289-4,Set 7/p7.3.s.txt
Chao,Set 7,p7.3.t,1120.0,1808,7af759c08b8fed3a3c4e58c68fc13403dc7f07be09eaffdfe3002b49f061d1ad,10.1016/0377-2217(94)00289-4,Set 7/p7.3.t.txt
Chao,Set 7,p7.4.g,217.0,1807,e472ceb7a99c753878ed927199d42d930aff83386ae93d35049f51c171fede18,10.1016/0377-2217(94)00289-4,Set 7/p7.4.g.txt
Chao,Set 7,p7.4.h,285.0,1807,5ee65b696683ec98ffc45eb9e1e85d19ac203b6ece4937f6f9afa8d92c1072ba,10.1016/0377-2217(94)00289-4,Set 7/p7.4.h.txt
Chao,Set 7,p7.4.i,366.0,1807,e278e136d0bc66b414951b3c8a74492ef919ef0fa0397512bf7da9665aa7de81,10.1016/0377-2217(94)00289-4,Set 7/p7.4.i.txt
Chao,Set 7,p7.4.k,520.0,1807,566f3034f64e5f7cd1f516fd2ed59bb201e1b1f4531b7ff6a0cd1a655248fcbb,10.1016/0377-2217(94)00289-4,Set 7/p7.4.k.txt
Chao,Set 7,p7.4.l,590.0,1807,303062a554d4a8b23736d1d50e219bafe580e0d3c8c4a20218c973eb174b5271,10.1016/0377-2217(94)00289-4,Set 7/p7.4.l.txt
Chao,Set 7,p7.4.m,646.0,1807,4094f0339429703fb61f43fe89a0bc4778caaf47571f53a1ab02cbd04ff29317,10.1016/0377-2217(94)00289-4,Set 7/p7.4.m.txt
Chao,Set 7,p7.4.n,730.0,1807,0a1b89bab0f0a4287547f4024f489b126745a6e9be83665ef8cd4135ce1138ad,10.1016/0377-2217(94)00289-4,Set 7/p7.4.n.txt
Chao,Set 7,p7.4.o,781.0,1807,9064368341daebb5f65fcab714c568bb5f7b61014cf585efbd6bdd599c3658d2,10.1016/0377-2217(94)00289-4,Set 7/p7.4.o.txt
Chao,Set 7,p7.4.p,846.0,1807,05975b3b89299b900b6c4337478d849d506a2fe32a0d8c7681690e23cdebe2e1,10.1016/0377-2217(94)00289-4,Set 7/p7.4.p.txt
Chao,Set 7,p7.4.q,909.0,1807,c9b977414699a8c93ffe76c7767c6e5a91bb4bb2f68a9e41c5f97334fa846778,10.1016/0377-2217(94)00289-4,Set 7/p7.4.q.txt
Chao,Set 7,p7.4.r,970.0,1807,993a19b99fcfc4a8ba7535dc0b8aeecbcd8fc4adb09d2f4a38b1b20f868d19ea,10.1016/0377-2217(94)00289-4,Set 7/p7.4.r.txt
Chao,Set 7,p7.4.s,1022.0,1807,5a6719a29856b4e19aa9548243624a8849bd0e440b493be6f9408e160086b333,10.1016/0377-2217(94)00289-4,Set 7/p7.4.s.txt
Chao,Set 7,p7.4.t,1077.0,1808,9f898bf3c25c66a2976a972b8807d801d123b33b7c69dda089ca5c4e285765d9,10.1016/0377-2217(94)00289-4,Set 7/p7.4.t.txt
